t,dr,fdr,cra,crb,pv,T,Vpz
1504008083.121987, 0.100, 0.135, 1.476, 1.473, 70, 17.062, 0.8185546875 
1504008084.044874, 0.851, 0.180, 1.605, 1.579, 0, 17.062, 0.85400390625 
1504008084.964787, 0.151, 0.632, 1.534, 1.511, 98, 17.062, 0.82177734375 
1504008085.884874, 0.677, 0.632, 1.511, 1.511, 0, 17.062, 0.82177734375 
1504008086.804883, 0.200, 0.719, 1.511, 1.492, 0, 17.062, 0.82177734375 
1504008087.724836, 0.203, 0.632, 1.644, 1.637, 0, 17.062, 0.8572265625 
1504008088.644784, 0.654, 0.770, 1.502, 1.473, 90, 17.062, 0.812109375 
1504008089.564846, 0.081, 0.103, 1.492, 1.473, 0, 17.062, 0.8185546875 
1504008090.484823, 0.664, 0.780, 1.492, 1.476, 58, 17.062, 0.7798828125 
1504008091.404923, 0.068, 0.790, 1.563, 1.576, 0, 17.062, 0.7798828125 
1504008092.325032, 0.068, 0.203, 1.492, 1.473, 0, 17.062, 0.7798828125 
1504008093.244832, 0.693, 0.686, 0.851, 1.647, 18, 17.125, 0.82822265625 
1504008094.164838, 0.161, 0.074, 1.605, 1.637, 0, 17.062, 0.79921875 
1504008095.084839, 0.645, 0.622, 1.534, 1.550, 74, 17.125, 0.73798828125 
1504008096.004879, 0.161, 0.151, 1.576, 1.560, 0, 17.062, 0.7541015625 
1504008096.924886, 0.751, 0.754, 1.492, 1.502, 0, 17.125, 0.77666015625 
1504008097.844840, 0.812, 0.780, 1.627, 1.637, 0, 17.125, 0.7798828125 
1504008098.764819, 0.667, 0.790, 1.489, 1.476, 99, 17.125, 0.7541015625 
1504008099.684868, 0.139, 0.148, 1.492, 1.502, 0, 17.125, 0.73798828125 
1504008100.604861, 0.635, 0.748, 1.502, 1.492, 42, 17.125, 0.734765625 
1504008101.524873, 0.751, 0.738, 1.534, 1.553, 0, 17.125, 0.74765625 
1504008102.445030, 0.048, 0.664, 1.492, 1.476, 0, 17.125, 0.75087890625 
1504008103.364889, 0.193, 0.683, 1.647, 1.647, 74, 17.125, 0.79921875 
1504008104.284856, 0.135, 0.667, 1.473, 1.473, 0, 17.125, 0.7798828125 
1504008105.204878, 0.151, 0.645, 1.540, 1.540, 37, 17.125, 0.812109375 
1504008106.124852, 0.068, 0.129, 1.605, 1.605, 0, 17.125, 0.8314453125 
1504008107.044837, 0.686, 0.654, 1.544, 1.518, 128, 17.125, 0.78955078125 
1504008107.964846, 1.470, 0.786, 1.492, 1.492, 0, 17.125, 0.82177734375 
1504008108.884808, 0.180, 0.683, 1.518, 1.511, 19, 17.125, 0.82177734375 
1504008109.804885, 0.161, 0.132, 1.473, 1.473, 0, 17.125, 0.80244140625 
1504008110.724837, 0.632, 0.187, 1.473, 1.476, 127, 17.125, 0.78955078125 
1504008111.644859, 0.180, 0.006, 1.553, 1.534, 0, 17.125, 0.80244140625 
1504008112.565013, 0.193, 0.193, 1.473, 1.476, 0, 17.125, 0.77666015625 
1504008113.484796, 0.686, 0.683, 1.637, 1.605, 86, 17.125, 0.82177734375 
1504008114.404964, 0.699, 0.677, 1.476, 1.473, 0, 17.125, 0.7798828125 
1504008115.324826, 0.651, 0.645, 1.553, 1.518, 109, 17.125, 0.7798828125 
1504008116.244816, 0.812, 0.709, 1.492, 1.508, 0, 17.125, 0.80244140625 
1504008117.164806, 0.645, 0.751, 1.476, 1.492, 128, 17.125, 0.79921875 
1504008118.084837, 0.780, 0.725, 1.563, 1.518, 8, 17.125, 0.80244140625 
1504008119.004861, 0.709, 0.699, 1.511, 1.511, 67, 17.125, 0.80244140625 
1504008119.924869, 0.148, 0.097, 1.476, 1.473, 8, 17.125, 0.7798828125 
1504008120.844812, 0.029, 0.100, 1.473, 1.470, 48, 17.125, 0.7798828125 
1504008121.764873, 0.632, 0.738, 1.502, 1.492, 8, 17.125, 0.77666015625 
1504008122.684798, 0.625, 0.735, 1.511, 1.502, 8, 17.125, 0.7798828125 
1504008123.604803, 0.802, 0.738, 1.627, 1.637, 111, 17.125, 0.812109375 
1504008124.524793, 0.203, 0.738, 1.473, 1.473, 8, 17.125, 0.78955078125 
1504008125.444828, 0.780, 0.677, 1.547, 1.534, 0, 17.125, 0.7798828125 
1504008126.364851, 0.645, 0.667, 1.479, 1.473, 8, 17.125, 0.7541015625 
1504008127.284829, 0.177, 0.677, 1.511, 1.511, 128, 17.125, 0.7669921875 
1504008128.204877, 0.106, 0.168, 1.492, 1.473, 8, 17.125, 0.75087890625 
1504008129.124877, 0.622, 0.719, 1.534, 1.534, 29, 17.125, 0.7541015625 
1504008130.044829, 0.802, 0.058, 1.550, 1.563, 8, 17.125, 0.77666015625 
1504008130.964810, 0.693, 0.728, 1.511, 1.502, 82, 17.125, 0.734765625 
1504008131.884855, 0.667, 0.142, 1.563, 1.595, 8, 17.125, 0.786328125 
1504008132.804885, 0.032, 0.119, 1.492, 1.473, 8, 17.125, 0.75087890625 
1504008133.724797, 0.786, 0.735, 1.647, 1.647, 59, 17.125, 0.78955078125 
1504008134.645045, 0.097, 0.161, 1.647, 1.637, 8, 17.125, 0.7798828125 
1504008135.564856, 0.767, 0.709, 1.511, 1.508, 50, 17.125, 0.73798828125 
1504008136.484837, 0.728, 0.029, 1.492, 1.473, 8, 17.125, 0.708984375 
1504008137.404832, 0.648, 0.754, 1.550, 1.511, 128, 17.125, 0.75087890625 
1504008138.324831, 0.828, 0.728, 1.518, 1.540, 8, 17.125, 0.77666015625 
1504008139.244780, 0.770, 0.735, 1.534, 1.511, 50, 17.125, 0.75087890625 
1504008140.164865, 0.722, 0.148, 1.624, 1.624, 8, 17.125, 0.7798828125 
1504008141.084788, 0.725, 0.055, 1.502, 1.502, 47, 17.125, 0.734765625 
1504008142.004903, 0.677, 0.799, 1.492, 1.479, 8, 17.125, 0.734765625 
1504008142.924785, 0.754, 0.110, 1.473, 1.470, 8, 17.125, 0.7541015625 
1504008143.844795, 0.651, 0.751, 1.637, 1.637, 57, 17.125, 0.7798828125 
1504008144.764831, 0.081, 0.129, 1.473, 1.476, 8, 17.125, 0.75087890625 
1504008145.684791, 0.197, 0.703, 1.534, 1.502, 127, 17.125, 0.7283203125 
1504008146.604880, 0.873, 0.677, 1.563, 1.563, 8, 17.125, 0.7798828125 
1504008147.524799, 0.197, 0.703, 1.511, 1.534, 0, 17.125, 0.7798828125 
1504008148.444821, 0.677, 0.203, 1.576, 1.576, 8, 17.125, 0.786328125 
1504008149.364775, 0.709, 0.029, 1.492, 1.457, 74, 17.125, 0.7798828125 
1504008150.284841, 0.645, 0.184, 1.492, 1.473, 8, 17.125, 0.7669921875 
1504008151.204809, 0.064, 0.161, 1.470, 1.492, 121, 17.125, 0.7798828125 
1504008152.124871, 0.693, 0.168, 1.576, 1.576, 16, 17.125, 0.8185546875 
1504008153.044788, 0.780, 0.677, 1.473, 1.473, 16, 17.125, 0.79921875 
1504008153.994799, 0.725, 0.686, 1.502, 1.492, 69, 17.125, 0.7798828125 
1504008154.914875, 0.677, 0.667, 1.644, 1.605, 16, 17.125, 0.79921875 
1504008155.834803, 0.622, 0.719, 1.553, 1.550, 74, 17.187, 0.77021484375 
1504008156.754856, 0.039, 0.151, 1.473, 1.473, 16, 17.125, 0.7541015625 
1504008157.674886, 0.632, 0.728, 1.534, 1.502, 0, 17.125, 0.77666015625 
1504008158.594845, 0.142, 0.048, 1.605, 1.624, 16, 17.125, 0.812109375 
1504008159.514831, 0.715, 0.790, 1.518, 1.534, 70, 17.125, 0.77666015625 
1504008160.434856, 0.819, 0.058, 1.492, 1.470, 16, 17.125, 0.75087890625 
1504008161.354804, 0.074, 0.116, 1.492, 1.479, 20, 17.125, 0.7798828125 
1504008162.284891, 0.738, 0.116, 1.647, 1.637, 16, 17.187, 0.812109375 
1504008163.204822, 0.728, 0.780, 1.544, 1.553, 16, 17.125, 0.77021484375 
1504008164.124818, 0.058, 0.802, 0.854, 1.602, 124, 17.187, 0.77666015625 
1504008165.044808, 0.883, 0.812, 1.560, 1.605, 16, 17.125, 0.8314453125 
1504008165.964881, 0.625, 0.735, 1.511, 1.511, 87, 17.125, 0.77666015625 
1504008166.884887, 0.013, 0.203, 1.479, 1.476, 16, 17.187, 0.7798828125 
1504008167.804882, 0.757, 0.709, 1.534, 1.511, 55, 17.187, 0.77666015625 
1504008168.724860, 0.654, 0.780, 1.595, 1.595, 16, 17.187, 0.78955078125 
1504008169.644856, 0.725, 0.802, 1.511, 1.511, 117, 17.187, 0.80244140625 
1504008170.564859, 0.780, 0.119, 1.627, 1.579, 16, 17.187, 0.812109375 
1504008171.484834, 0.648, 0.761, 1.553, 1.511, 83, 17.125, 0.77021484375 
1504008172.404872, 0.699, 0.116, 1.644, 1.637, 16, 17.187, 0.7798828125 
1504008173.324811, 0.055, 0.135, 1.502, 1.473, 16, 17.187, 0.7798828125 
1504008174.244825, 0.151, 0.761, 1.576, 1.563, 51, 17.187, 0.78955078125 
1504008175.164824, 0.203, 0.193, 1.647, 1.644, 16, 17.125, 0.80244140625 
1504008176.084796, 0.622, 0.709, 1.550, 1.550, 122, 17.187, 0.75087890625 
1504008177.004876, 0.799, 0.854, 1.476, 1.479, 16, 17.187, 0.7798828125 
1504008177.924825, 0.645, 0.715, 1.518, 1.518, 2, 17.187, 0.77021484375 
1504008178.844867, 0.880, 0.822, 1.518, 1.544, 16, 17.187, 0.82177734375 
1504008179.764803, 0.026, 0.751, 1.553, 1.511, 74, 17.187, 0.7798828125 
1504008180.684887, 0.135, 0.203, 1.473, 1.473, 16, 17.187, 0.75087890625 
1504008181.604796, 0.097, 0.100, 1.534, 1.511, 19, 17.187, 0.79921875 
1504008182.524838, 0.097, 0.081, 1.576, 1.563, 16, 17.187, 0.812109375 
1504008183.444783, 0.815, 0.161, 1.492, 1.473, 16, 17.187, 0.77666015625 
1504008184.364811, 0.184, 0.693, 1.534, 1.511, 94, 17.187, 0.75087890625 
1504008185.284846, 0.709, 0.799, 1.473, 1.476, 16, 17.187, 0.786328125 
1504008186.204840, 0.200, 0.709, 1.534, 1.511, 94, 17.187, 0.7798828125 
1504008187.125050, 0.770, 0.780, 1.479, 1.508, 24, 17.187, 0.812109375 
1504008188.044791, 0.715, 0.754, 1.560, 1.550, 55, 17.187, 0.7798828125 
1504008188.964817, 0.851, 0.686, 1.560, 1.502, 24, 17.187, 0.80244140625 
1504008189.884818, 0.699, 0.786, 1.540, 1.534, 72, 17.187, 0.78955078125 
1504008190.804888, 0.709, 0.754, 1.624, 1.605, 24, 17.187, 0.837890625 
1504008191.724811, 0.712, 0.815, 1.540, 1.534, 34, 17.187, 0.79921875 
1504008192.644840, 0.693, 0.780, 1.492, 1.502, 24, 17.187, 0.7541015625 
1504008193.564826, 0.735, 0.699, 1.473, 1.473, 24, 17.187, 0.812109375 
1504008194.484839, 0.064, 0.786, 1.576, 1.576, 25, 17.187, 0.80244140625 
1504008195.404851, 0.161, 0.074, 1.595, 1.602, 24, 17.187, 0.812109375 
1504008196.324798, 0.715, 0.770, 1.550, 1.502, 118, 17.187, 0.7669921875 
1504008197.244824, 0.728, 0.677, 1.476, 1.473, 24, 17.187, 0.7798828125 
1504008198.164824, 0.709, 0.751, 1.511, 1.518, 56, 17.187, 0.7798828125 
1504008199.084874, 0.151, 0.203, 1.576, 1.563, 24, 17.187, 0.77666015625 
1504008200.004838, 0.722, 0.802, 1.534, 1.534, 37, 17.187, 0.7798828125 
1504008200.924858, 0.035, 0.090, 1.647, 1.605, 24, 17.187, 0.79921875 
1504008201.844809, 0.751, 0.799, 1.540, 1.544, 32, 17.187, 0.77021484375 
1504008202.764848, 0.171, 0.132, 1.579, 1.560, 24, 17.187, 0.77666015625 
1504008203.684842, 0.055, 0.090, 1.502, 1.470, 24, 17.187, 0.7541015625 
1504008204.604841, 0.026, 0.819, 1.579, 1.560, 42, 17.187, 0.77021484375 
1504008205.524833, 0.032, 0.184, 1.473, 1.470, 24, 17.187, 0.7541015625 
1504008206.444773, 0.699, 0.738, 1.534, 1.540, 114, 17.187, 0.75732421875 
1504008207.364871, 0.132, 0.184, 1.473, 1.457, 24, 17.187, 0.7798828125 
1504008208.284845, 0.699, 0.770, 1.544, 1.553, 74, 17.187, 0.7798828125 
1504008209.204866, 0.026, 0.029, 1.647, 1.647, 24, 17.187, 0.80244140625 
1504008210.124837, 0.677, 0.802, 1.502, 1.502, 78, 17.187, 0.7798828125 
1504008211.044814, 0.110, 0.151, 1.473, 1.473, 24, 17.187, 0.7669921875 
1504008211.964810, 0.132, 0.119, 1.511, 1.502, 125, 17.187, 0.78955078125 
1504008212.884846, 0.786, 0.203, 1.473, 1.473, 24, 17.187, 0.78955078125 
1504008213.804825, 0.802, 0.029, 1.511, 1.508, 24, 17.187, 0.80244140625 
1504008214.724781, 0.074, 0.790, 1.576, 1.576, 126, 17.187, 0.786328125 
1504008215.644819, 0.090, 0.171, 1.473, 1.473, 24, 17.187, 0.77021484375 
1504008216.564784, 0.799, 0.738, 1.502, 1.511, 15, 17.187, 0.7669921875 
1504008217.485098, 0.058, 0.677, 1.473, 1.473, 24, 17.187, 0.7798828125 
1504008218.404845, 0.735, 0.767, 1.553, 1.534, 30, 17.187, 0.786328125 
1504008219.324819, 0.686, 0.657, 1.502, 1.473, 24, 17.187, 0.7541015625 
1504008220.244837, 0.735, 0.780, 1.553, 1.511, 22, 17.187, 0.7798828125 
1504008221.164850, 0.148, 0.135, 1.647, 1.647, 32, 17.187, 0.8314453125 
1504008222.084813, 0.802, 0.802, 1.560, 1.534, 17, 17.187, 0.77666015625 
1504008223.004911, 0.168, 0.026, 1.605, 1.627, 32, 17.187, 0.786328125 
1504008223.924828, 0.151, 0.667, 1.502, 1.476, 32, 17.187, 0.7798828125 
1504008224.844795, 0.693, 0.780, 1.492, 1.473, 24, 17.187, 0.77666015625 
1504008225.764838, 0.686, 0.058, 1.647, 1.644, 32, 17.187, 0.79921875 
1504008226.684812, 0.761, 0.802, 1.508, 1.502, 97, 17.187, 0.73798828125 
1504008227.604884, 0.931, 0.831, 1.544, 1.511, 32, 17.187, 0.80244140625 
1504008228.524823, 0.751, 0.812, 1.560, 1.553, 14, 17.187, 0.77666015625 
1504008229.444839, 0.003, 0.119, 1.534, 1.534, 32, 17.187, 0.75087890625 
1504008230.364782, 0.709, 0.016, 1.576, 1.540, 77, 17.187, 0.7669921875 
1504008231.284889, 0.686, 0.648, 1.624, 1.627, 32, 17.187, 0.8185546875 
1504008232.204834, 0.699, 0.822, 1.518, 1.518, 7, 17.187, 0.75087890625 
1504008233.124870, 0.819, 0.799, 1.637, 1.637, 32, 17.187, 0.7798828125 
1504008234.044802, 0.068, 0.683, 1.492, 1.473, 32, 17.187, 0.7798828125 
1504008234.964836, 0.699, 0.081, 1.579, 1.576, 53, 17.187, 0.7798828125 
1504008235.884854, 0.751, 0.135, 1.476, 1.470, 32, 17.187, 0.77666015625 
1504008236.804969, 0.754, 0.802, 1.518, 1.544, 73, 17.187, 0.77021484375 
1504008237.725088, 0.184, 0.193, 1.476, 1.470, 32, 17.187, 0.80244140625 
1504008238.654881, 0.780, 0.802, 1.518, 1.511, 21, 17.187, 0.79921875 
1504008239.574858, 0.822, 0.184, 1.492, 1.476, 32, 17.187, 0.7798828125 
1504008240.494885, 0.016, 0.068, 1.553, 1.492, 12, 17.187, 0.7798828125 
1504008241.414874, 0.812, 0.683, 1.605, 1.605, 32, 17.187, 0.80244140625 
1504008242.334801, 0.029, 0.058, 1.502, 1.492, 99, 17.187, 0.7798828125 
1504008243.254859, 0.081, 0.074, 1.492, 1.473, 32, 17.187, 0.7541015625 
1504008244.174808, 0.032, 0.699, 1.476, 1.473, 32, 17.187, 0.7798828125 
1504008245.094821, 0.751, 0.777, 1.473, 1.457, 46, 17.187, 0.77666015625 
1504008246.014863, 0.812, 0.667, 1.576, 1.605, 32, 17.187, 0.8314453125 
1504008246.934819, 0.735, 0.802, 1.511, 1.508, 50, 17.187, 0.7798828125 
1504008247.854854, 0.667, 0.667, 1.579, 1.576, 32, 17.187, 0.786328125 
1504008248.774789, 0.052, 0.048, 1.560, 1.540, 79, 17.187, 0.79921875 
1504008249.694819, 0.651, 0.090, 1.518, 1.518, 32, 17.187, 0.7798828125 
1504008250.614836, 0.719, 0.032, 1.508, 1.511, 72, 17.250, 0.78955078125 
1504008251.534848, 0.081, 0.184, 1.473, 1.457, 32, 17.250, 0.7798828125 
1504008252.454808, 0.754, 0.100, 1.511, 1.502, 106, 17.250, 0.79921875 
1504008253.374853, 0.651, 0.135, 1.476, 1.476, 32, 17.250, 0.7798828125 
1504008254.294780, 0.058, 0.039, 1.511, 1.502, 32, 17.250, 0.7798828125 
1504008255.214803, 0.651, 0.068, 1.579, 1.550, 32, 17.187, 0.79921875 
1504008256.134842, 0.738, 0.677, 1.637, 1.605, 40, 17.250, 0.79921875 
1504008257.054773, 0.119, 0.039, 1.502, 1.502, 116, 17.250, 0.75087890625 
1504008257.974843, 0.203, 0.097, 1.502, 1.476, 40, 17.187, 0.7541015625 
1504008258.894768, 0.184, 0.064, 1.511, 1.518, 79, 17.250, 0.75087890625 
1504008259.814831, 0.828, 0.683, 1.476, 1.476, 40, 17.250, 0.75087890625 
1504008260.734781, 0.135, 0.058, 1.553, 1.534, 65, 17.250, 0.77666015625 
1504008261.654838, 0.802, 0.709, 1.624, 1.605, 40, 17.250, 0.7798828125 
1504008262.574827, 0.081, 0.064, 1.508, 1.479, 92, 17.250, 0.7669921875 
1504008263.494838, 0.748, 0.193, 1.595, 1.579, 40, 17.250, 0.82177734375 
1504008264.414861, 0.106, 0.748, 1.476, 1.473, 33, 17.250, 0.7798828125 
1504008266.164837, 0.180, 0.161, 1.476, 1.470, 40, 17.250, 0.7541015625 
1504008267.084898, 0.006, 0.013, 1.511, 1.534, 56, 17.250, 0.7541015625 
1504008268.004851, 0.119, 0.770, 1.647, 1.624, 40, 17.250, 0.812109375 
1504008268.924784, 0.064, 0.039, 1.560, 1.550, 0, 17.250, 0.80244140625 
1504008269.844822, 0.013, 0.132, 1.476, 1.470, 40, 17.250, 0.786328125 
1504008270.764839, 0.799, 0.074, 1.508, 1.502, 39, 17.250, 0.79921875 
1504008271.684866, 0.738, 0.119, 1.492, 1.492, 40, 17.250, 0.7798828125 
1504008272.604826, 0.132, 0.161, 1.502, 1.476, 127, 17.250, 0.7541015625 
1504008273.524871, 0.180, 0.203, 1.502, 1.511, 128, 17.250, 0.7798828125 
1504008274.444793, 0.090, 0.719, 1.476, 1.476, 40, 17.250, 0.7541015625 
1504008275.368062, 0.090, 0.029, 1.518, 1.502, 100, 17.250, 0.75732421875 
1504008276.294787, 0.203, 0.709, 1.476, 1.476, 40, 17.250, 0.79921875 
1504008277.214837, 0.171, 0.058, 1.550, 1.534, 41, 17.250, 0.7798828125 
1504008278.134846, 0.013, 0.203, 1.473, 1.470, 40, 17.250, 0.7798828125 
1504008279.054828, 0.081, 0.045, 1.534, 1.534, 0, 17.250, 0.7798828125 
1504008279.974833, 0.119, 0.161, 1.553, 1.560, 40, 17.250, 0.79921875 
1504008280.894782, 0.090, 0.058, 1.492, 1.502, 55, 17.250, 0.77666015625 
1504008281.814863, 0.799, 0.139, 1.492, 1.473, 40, 17.250, 0.7798828125 
1504008282.734788, 0.058, 0.161, 1.550, 1.540, 27, 17.250, 0.7798828125 
1504008283.654860, 0.719, 0.029, 1.560, 1.511, 40, 17.250, 0.7541015625 
1504008284.574965, 0.686, 0.632, 1.492, 1.492, 40, 17.250, 0.7541015625 
1504008285.494775, 0.203, 0.110, 1.647, 1.647, 87, 17.250, 0.80244140625 
1504008286.414834, 0.751, 0.754, 1.492, 1.470, 40, 17.250, 0.786328125 
1504008287.334803, 0.161, 0.055, 1.518, 1.502, 11, 17.250, 0.77666015625 
1504008288.254832, 0.132, 0.068, 1.647, 1.576, 40, 17.250, 0.7798828125 
1504008289.174788, 0.790, 0.055, 1.502, 1.508, 128, 17.250, 0.7798828125 
1504008290.094834, 0.802, 0.693, 1.605, 1.605, 48, 17.250, 0.77666015625 
1504008291.015035, 0.058, 0.110, 1.563, 1.553, 95, 17.250, 0.7798828125 
1504008291.934852, 0.203, 0.193, 1.511, 1.502, 48, 17.250, 0.7798828125 
1504008292.854819, 0.074, 0.645, 1.511, 1.502, 79, 17.250, 0.77021484375 
1504008293.774863, 0.777, 0.645, 1.605, 1.550, 48, 17.250, 0.7798828125 
1504008294.694806, 0.648, 0.770, 1.470, 1.470, 48, 17.250, 0.79921875 
1504008295.614755, 0.802, 0.132, 1.637, 1.647, 23, 17.250, 0.82177734375 
1504008296.534846, 0.110, 0.645, 1.637, 1.627, 48, 17.250, 0.8314453125 
1504008297.454786, 0.006, 0.110, 1.508, 1.502, 51, 17.250, 0.79921875 
1504008298.374818, 0.058, 0.074, 1.502, 1.492, 48, 17.250, 0.7798828125 
1504008299.294764, 0.667, 0.103, 1.502, 1.502, 128, 17.250, 0.79921875 
1504008300.214881, 0.770, 0.812, 1.473, 1.476, 48, 17.250, 0.7798828125 
1504008301.134807, 0.058, 0.116, 1.560, 1.573, 4, 17.250, 0.812109375 
1504008302.054852, 0.854, 0.168, 1.647, 1.637, 48, 17.250, 0.80244140625 
1504008302.974780, 0.151, 0.116, 1.511, 1.502, 54, 17.250, 0.77021484375 
1504008303.894868, 0.799, 0.055, 1.476, 1.473, 48, 17.250, 0.74765625 
1504008304.814887, 0.184, 0.693, 1.473, 1.473, 48, 17.250, 0.75087890625 
1504008305.734819, 0.161, 0.116, 1.637, 1.611, 87, 17.250, 0.79921875 
1504008306.654845, 0.664, 0.667, 1.470, 1.473, 48, 17.250, 0.73798828125 
1504008307.574821, 0.048, 0.090, 1.534, 1.547, 89, 17.250, 0.77021484375 
1504008308.494830, 0.667, 0.735, 1.534, 1.518, 48, 17.250, 0.75732421875 
1504008309.414800, 0.068, 0.090, 1.508, 1.502, 128, 17.250, 0.77021484375 
1504008310.334851, 0.857, 0.754, 1.534, 1.502, 48, 17.250, 0.74765625 
1504008311.254794, 0.119, 0.097, 1.560, 1.518, 88, 17.250, 0.7541015625 
1504008312.174864, 0.135, 0.148, 1.476, 1.473, 48, 17.250, 0.71865234375 
1504008313.094785, 0.790, 0.081, 1.511, 1.511, 83, 17.250, 0.77021484375 
1504008314.014957, 0.013, 0.132, 1.492, 1.470, 48, 17.250, 0.73798828125 
1504008314.934791, 0.171, 0.100, 1.492, 1.476, 48, 17.250, 0.75087890625 
1504008315.854799, 0.677, 0.106, 1.595, 1.605, 100, 17.250, 0.786328125 
1504008316.774838, 0.648, 0.635, 1.473, 1.473, 48, 17.250, 0.7541015625 
1504008317.694773, 0.068, 0.106, 1.534, 1.547, 106, 17.250, 0.77666015625 
1504008318.614837, 0.802, 0.780, 1.476, 1.476, 48, 17.250, 0.786328125 
1504008319.534851, 0.106, 0.081, 1.534, 1.502, 0, 17.250, 0.77021484375 
1504008320.454852, 0.780, 0.013, 1.502, 1.502, 48, 17.250, 0.77666015625 
1504008321.374799, 0.132, 0.110, 1.534, 1.518, 122, 17.250, 0.77666015625 
1504008322.294854, 0.728, 0.709, 1.560, 1.544, 48, 17.250, 0.7798828125 
1504008323.214838, 0.119, 0.203, 1.560, 1.476, 30, 17.250, 0.77666015625 
1504008324.134895, 0.851, 0.151, 1.576, 1.576, 56, 17.250, 0.80244140625 
1504008325.054793, 0.090, 0.135, 1.540, 1.502, 56, 17.250, 0.7798828125 
1504008325.974822, 0.664, 0.161, 1.627, 1.576, 58, 17.250, 0.79921875 
1504008326.894810, 0.715, 0.203, 1.627, 1.560, 56, 17.250, 0.80244140625 
1504008327.814809, 0.119, 0.132, 1.511, 1.511, 111, 17.250, 0.75732421875 
1504008328.734833, 0.090, 0.135, 1.502, 1.492, 56, 17.250, 0.7541015625 
1504008329.654836, 0.106, 0.148, 1.511, 1.511, 0, 17.250, 0.7541015625 
1504008330.574842, 0.081, 0.006, 1.624, 1.627, 56, 17.250, 0.7798828125 
1504008331.494807, 0.648, 0.180, 1.508, 1.518, 45, 17.250, 0.77021484375 
1504008332.414889, 0.777, 0.132, 1.502, 1.502, 56, 17.250, 0.7798828125 
1504008333.334781, 0.116, 0.106, 1.511, 1.492, 113, 17.250, 0.7541015625 
1504008334.254883, 0.851, 0.780, 1.605, 1.605, 56, 17.250, 0.82822265625 
1504008335.174865, 0.651, 0.648, 1.502, 1.502, 56, 17.250, 0.79921875 
1504008336.094808, 0.003, 0.132, 1.473, 1.479, 107, 17.250, 0.7798828125 
1504008337.014846, 0.780, 0.686, 1.637, 1.605, 56, 17.250, 0.80244140625 
1504008337.934782, 0.032, 0.135, 1.553, 1.560, 41, 17.250, 0.79921875 
1504008338.854844, 0.193, 0.735, 1.476, 1.492, 56, 17.250, 0.7798828125 
1504008339.774826, 0.135, 0.132, 1.511, 1.502, 128, 17.250, 0.77021484375 
1504008340.694842, 0.883, 0.812, 1.489, 1.473, 56, 17.250, 0.78955078125 
1504008341.614814, 0.058, 0.135, 1.502, 1.492, 0, 17.250, 0.8185546875 
1504008342.535078, 0.090, 0.812, 1.576, 1.576, 56, 17.250, 0.812109375 
1504008343.454676, 0.097, 0.151, 1.502, 1.502, 83, 17.250, 0.812109375 
1504008344.374618, 0.058, 0.116, 1.502, 1.508, 56, 17.250, 0.79921875 
1504008345.294555, 0.645, 0.667, 1.479, 1.502, 56, 17.250, 0.77021484375 
1504008346.214578, 0.667, 0.184, 1.595, 1.605, 63, 17.250, 0.812109375 
1504008347.134548, 0.854, 0.725, 1.627, 1.605, 56, 17.250, 0.812109375 
1504008348.054582, 0.132, 0.151, 1.547, 1.560, 53, 17.250, 0.7798828125 
1504008348.974845, 0.151, 0.055, 1.476, 1.473, 56, 17.312, 0.7734375 
1504008349.894804, 0.200, 0.161, 1.560, 1.511, 128, 17.250, 0.77666015625 
1504008350.814889, 0.735, 0.648, 1.508, 1.534, 56, 17.250, 0.80244140625 
1504008351.734810, 0.026, 0.135, 1.534, 1.540, 63, 17.250, 0.80244140625 
1504008352.654854, 0.003, 0.110, 1.508, 1.476, 56, 17.250, 0.77021484375 
1504008353.574814, 0.193, 0.193, 1.544, 1.553, 112, 17.250, 0.7798828125 
1504008354.494861, 0.735, 0.709, 1.511, 1.502, 56, 17.250, 0.75732421875 
1504008355.414827, 0.767, 0.699, 1.473, 1.473, 56, 17.312, 0.77666015625 
1504008356.334777, 0.090, 0.148, 1.502, 1.476, 102, 17.250, 0.7541015625 
1504008357.254834, 0.799, 0.699, 1.476, 1.476, 56, 17.312, 0.77021484375 
1504008358.174831, 0.184, 0.151, 1.518, 1.492, 74, 17.250, 0.7798828125 
1504008359.094844, 0.132, 0.180, 1.492, 1.473, 64, 17.312, 0.75087890625 
1504008360.014905, 0.180, 0.203, 1.563, 1.502, 0, 17.250, 0.7541015625 
1504008360.934856, 0.132, 0.203, 1.489, 1.470, 64, 17.312, 0.7798828125 
1504008361.854831, 0.648, 0.203, 1.560, 1.534, 69, 17.250, 0.7798828125 
1504008362.774849, 0.754, 0.677, 1.547, 1.544, 64, 17.312, 0.7798828125 
1504008363.694808, 0.667, 0.664, 1.540, 1.547, 2, 17.312, 0.78955078125 
1504008364.624828, 0.728, 0.068, 1.502, 1.511, 64, 17.312, 0.7798828125 
1504008365.544844, 0.052, 0.667, 1.508, 1.502, 64, 17.312, 0.79921875 
1504008366.464822, 0.184, 0.203, 1.511, 1.492, 92, 17.312, 0.7798828125 
1504008367.384841, 0.799, 0.790, 1.476, 1.476, 64, 17.312, 0.80244140625 
1504008368.304836, 0.664, 0.200, 1.508, 1.508, 85, 17.312, 0.78955078125 
1504008369.224848, 0.058, 0.686, 1.492, 1.473, 64, 17.312, 0.812109375 
1504008370.144802, 0.132, 0.203, 1.563, 1.518, 128, 17.312, 0.79921875 
1504008371.064853, 0.203, 0.667, 1.479, 1.476, 64, 17.312, 0.7798828125 
1504008371.984787, 0.193, 0.184, 1.508, 1.502, 78, 17.312, 0.79921875 
1504008372.904861, 0.799, 0.735, 1.627, 1.624, 64, 17.312, 0.82177734375 
1504008373.824786, 0.151, 0.200, 1.534, 1.511, 103, 17.312, 0.812109375 
1504008374.744813, 0.148, 0.203, 1.492, 1.473, 64, 17.312, 0.812109375 
1504008375.664767, 0.831, 0.770, 1.492, 1.473, 64, 17.312, 0.812109375 
1504008376.584823, 0.664, 0.645, 1.576, 1.563, 75, 17.312, 0.8185546875 
1504008377.504819, 0.993, 0.780, 1.595, 1.576, 64, 17.312, 0.837890625 
1504008378.424770, 0.203, 0.203, 1.511, 1.511, 8, 17.312, 0.79921875 
1504008379.344833, 0.068, 0.180, 1.502, 1.508, 64, 17.312, 0.7798828125 
1504008380.264792, 0.151, 0.645, 1.563, 1.511, 0, 17.312, 0.812109375 
1504008381.184850, 0.699, 0.132, 1.605, 1.605, 64, 17.312, 0.837890625 
1504008382.104843, 0.203, 0.635, 1.553, 1.560, 5, 17.312, 0.812109375 
1504008383.024846, 0.090, 0.203, 1.473, 1.473, 64, 17.312, 0.7669921875 
1504008383.944782, 0.651, 0.664, 1.511, 1.508, 77, 17.312, 0.80244140625 
1504008384.864865, 0.677, 0.725, 1.627, 1.605, 64, 17.312, 0.837890625 
1504008385.784796, 0.699, 0.802, 1.511, 1.473, 64, 17.312, 0.812109375 
1504008386.704814, 0.184, 0.171, 1.476, 1.473, 54, 17.312, 0.79921875 
1504008387.624824, 0.790, 0.171, 1.473, 1.476, 64, 17.312, 0.80244140625 
1504008388.544797, 0.203, 0.200, 1.540, 1.534, 126, 17.312, 0.80244140625 
1504008389.464916, 0.822, 0.877, 1.502, 1.476, 64, 17.312, 0.8185546875 
1504008390.384796, 0.203, 0.203, 1.560, 1.553, 62, 17.312, 0.80244140625 
1504008391.304872, 0.029, 0.116, 1.647, 1.637, 64, 17.312, 0.85400390625 
1504008392.224788, 0.645, 0.203, 1.560, 1.544, 41, 17.312, 0.812109375 
1504008393.144823, 0.090, 0.719, 1.476, 1.476, 72, 17.312, 0.7798828125 
1504008394.064994, 0.645, 0.677, 1.502, 1.511, 16, 17.312, 0.812109375 
1504008394.984840, 0.200, 0.151, 1.595, 1.605, 72, 17.312, 0.812109375 
1504008395.904842, 0.751, 0.709, 1.544, 1.544, 72, 17.312, 0.79921875 
1504008396.824792, 0.645, 0.677, 1.534, 1.502, 73, 17.312, 0.7798828125 
1504008397.744812, 0.802, 0.709, 1.602, 1.605, 72, 17.312, 0.837890625 
1504008398.664819, 0.677, 0.667, 1.560, 1.560, 6, 17.312, 0.812109375 
1504008399.584880, 0.922, 0.709, 1.560, 1.550, 72, 17.312, 0.82822265625 
1504008400.504891, 0.180, 0.651, 1.547, 1.553, 21, 17.312, 0.812109375 
1504008401.424851, 0.203, 0.677, 1.492, 1.502, 72, 17.312, 0.79921875 
1504008402.344783, 0.715, 0.651, 1.560, 1.534, 99, 17.312, 0.7798828125 
1504008403.265091, 0.709, 0.751, 1.470, 1.470, 72, 17.312, 0.77666015625 
1504008404.184792, 0.699, 0.686, 1.534, 1.544, 23, 17.312, 0.80244140625 
1504008405.104887, 0.116, 0.148, 1.637, 1.637, 72, 17.312, 0.812109375 
1504008406.024811, 0.754, 0.735, 1.502, 1.511, 72, 17.312, 0.79921875 
1504008406.944883, 0.171, 0.667, 1.534, 1.544, 92, 17.312, 0.80244140625 
1504008407.864825, 0.725, 0.751, 1.579, 1.595, 72, 17.312, 0.8314453125 
1504008408.784768, 0.151, 0.651, 1.511, 1.540, 69, 17.312, 0.79921875 
1504008409.704871, 0.090, 0.184, 1.502, 1.502, 72, 17.312, 0.7541015625 
1504008410.624808, 0.135, 0.664, 1.511, 1.511, 128, 17.312, 0.7798828125 
1504008411.544857, 0.200, 0.728, 1.473, 1.492, 72, 17.312, 0.7798828125 
1504008412.464783, 0.686, 0.651, 1.502, 1.502, 3, 17.312, 0.7798828125 
1504008413.384847, 0.203, 0.719, 1.492, 1.457, 72, 17.312, 0.7541015625 
1504008414.304804, 0.838, 0.699, 1.534, 1.511, 85, 17.312, 0.7798828125 
1504008415.224838, 0.686, 0.677, 1.582, 1.563, 72, 17.312, 0.812109375 
1504008416.144896, 0.693, 0.161, 1.560, 1.553, 72, 17.312, 0.85078125 
1504008417.064856, 0.854, 0.699, 1.595, 1.605, 49, 17.312, 0.85400390625 
1504008417.984896, 0.161, 0.667, 1.476, 1.470, 72, 17.312, 0.82822265625 
1504008418.904841, 0.116, 0.664, 1.547, 1.560, 127, 17.312, 0.837890625 
1504008419.824824, 0.686, 0.667, 1.502, 1.492, 72, 17.312, 0.79921875 
1504008420.744808, 0.686, 0.686, 1.560, 1.576, 0, 17.312, 0.82177734375 
1504008421.664905, 0.055, 0.106, 1.492, 1.473, 72, 17.312, 0.7798828125 
1504008422.584870, 0.674, 0.709, 1.560, 1.560, 13, 17.312, 0.812109375 
1504008423.504899, 0.103, 0.180, 1.647, 1.647, 72, 17.312, 0.85400390625 
1504008424.424790, 0.648, 0.203, 1.511, 1.511, 72, 17.312, 0.79921875 
1504008425.344877, 0.728, 0.677, 1.563, 1.550, 72, 17.312, 0.8185546875 
1504008426.264828, 0.699, 0.728, 1.492, 1.492, 72, 17.312, 0.82822265625 
1504008427.184887, 0.135, 0.648, 1.492, 1.492, 36, 17.312, 0.80244140625 
1504008428.104855, 0.754, 0.116, 1.492, 1.473, 80, 17.375, 0.79921875 
1504008429.024887, 0.802, 0.735, 1.550, 1.560, 13, 17.312, 0.82177734375 
1504008429.944869, 0.029, 0.064, 1.576, 1.576, 80, 17.312, 0.8314453125 
1504008430.864878, 0.200, 0.693, 1.502, 1.502, 0, 17.312, 0.837890625 
1504008431.784851, 0.151, 0.677, 1.602, 1.605, 80, 17.312, 0.8572265625 
1504008432.704877, 0.715, 0.751, 1.502, 1.502, 2, 17.312, 0.8314453125 
1504008433.624834, 0.032, 0.171, 1.476, 1.473, 80, 17.312, 0.812109375 
1504008434.544815, 0.648, 0.722, 1.534, 1.492, 25, 17.312, 0.79921875 
1504008435.464866, 0.767, 0.151, 1.489, 1.476, 80, 17.312, 0.7798828125 
1504008436.384798, 0.854, 0.674, 1.540, 1.560, 80, 17.375, 0.812109375 
1504008437.304845, 0.873, 0.722, 1.502, 1.476, 70, 17.312, 0.7798828125 
1504008438.224818, 0.735, 0.728, 1.576, 1.573, 80, 17.312, 0.82177734375 
1504008439.144789, 0.854, 0.751, 1.560, 1.553, 75, 17.312, 0.812109375 
1504008440.064885, 0.677, 0.203, 1.560, 1.508, 80, 17.375, 0.79921875 
1504008440.984821, 0.100, 0.728, 1.511, 1.534, 0, 17.375, 0.82177734375 
1504008441.904921, 0.029, 0.683, 1.534, 1.511, 80, 17.375, 0.812109375 
1504008442.824812, 0.857, 0.738, 1.534, 1.553, 89, 17.312, 0.8185546875 
1504008443.744844, 0.831, 0.693, 1.579, 1.579, 80, 17.375, 0.82177734375 
1504008444.664797, 0.780, 0.715, 1.534, 1.511, 84, 17.375, 0.812109375 
1504008445.585242, 0.116, 0.751, 1.473, 1.492, 80, 17.312, 0.80244140625 
1504008446.504847, 0.728, 0.770, 1.553, 1.511, 80, 17.375, 0.77666015625 
1504008447.424815, 0.883, 0.767, 1.576, 1.544, 39, 17.375, 0.7798828125 
1504008448.344800, 0.770, 0.135, 1.492, 1.473, 80, 17.312, 0.7798828125 
1504008449.264790, 0.780, 0.738, 1.534, 1.511, 76, 17.375, 0.7798828125 
1504008450.184818, 0.709, 0.754, 1.476, 1.476, 80, 17.375, 0.77021484375 
1504008451.104844, 0.168, 0.722, 1.560, 1.544, 0, 17.375, 0.7798828125 
1504008452.024827, 0.184, 0.116, 1.602, 1.605, 80, 17.375, 0.812109375 
1504008452.944812, 0.770, 0.738, 1.508, 1.492, 76, 17.375, 0.78955078125 
1504008453.864836, 0.667, 0.203, 1.492, 1.473, 80, 17.375, 0.7798828125 
1504008454.784782, 0.651, 0.693, 1.560, 1.563, 92, 17.375, 0.77021484375 
1504008455.704865, 0.812, 0.831, 1.624, 1.518, 80, 17.375, 0.79921875 
1504008456.624755, 0.728, 0.677, 1.573, 1.563, 80, 17.375, 0.7541015625 
1504008457.544779, 0.203, 0.754, 1.560, 1.502, 105, 17.375, 0.77666015625 
1504008458.464791, 0.899, 0.854, 1.605, 1.534, 80, 17.375, 0.78955078125 
1504008459.384785, 0.693, 0.709, 1.508, 1.511, 38, 17.375, 0.80244140625 
1504008460.304866, 0.151, 0.677, 1.560, 1.560, 80, 17.375, 0.80244140625 
1504008461.224778, 0.686, 0.735, 1.511, 1.511, 128, 17.375, 0.786328125 
1504008462.144847, 0.802, 0.841, 1.473, 1.470, 88, 17.375, 0.77021484375 
1504008463.064790, 0.770, 0.748, 1.553, 1.560, 13, 17.375, 0.77666015625 
1504008463.984587, 0.081, 0.728, 1.595, 1.602, 88, 17.375, 0.812109375 
1504008464.924548, 0.899, 0.770, 1.511, 1.518, 7, 17.375, 0.812109375 
1504008465.844558, 0.013, 0.193, 1.511, 1.492, 88, 17.375, 0.812109375 
1504008466.764498, 0.754, 0.780, 1.547, 1.534, 88, 17.375, 0.8314453125 
1504008467.688737, 0.976, 0.822, 1.576, 1.576, 0, 17.375, 0.837890625 
1504008468.614799, 0.193, 0.677, 1.576, 1.563, 88, 17.375, 0.8185546875 
1504008469.534802, 0.873, 0.799, 1.511, 1.502, 111, 17.375, 0.812109375 
1504008470.454837, 1.492, 0.860, 1.534, 1.502, 88, 17.375, 0.79921875 
1504008471.374741, 0.802, 0.780, 1.502, 1.534, 7, 17.375, 0.812109375 
1504008472.294862, 0.055, 0.119, 1.534, 1.544, 88, 17.375, 0.786328125 
1504008473.214897, 0.799, 0.799, 1.511, 1.502, 28, 17.375, 0.77666015625 
1504008474.134828, 0.722, 0.664, 1.605, 1.579, 88, 17.375, 0.812109375 
1504008475.054776, 0.854, 0.754, 1.502, 1.511, 77, 17.375, 0.7798828125 
1504008475.974824, 0.203, 0.735, 1.492, 1.473, 88, 17.375, 0.77021484375 
1504008476.894800, 0.915, 0.831, 1.576, 1.502, 17, 17.375, 0.7798828125 
1504008477.814984, 0.709, 0.780, 1.637, 1.560, 128, 17.375, 0.80244140625 
1504008478.734806, 0.812, 0.715, 1.502, 1.511, 88, 17.375, 0.7798828125 
1504008479.654762, 0.735, 0.777, 1.518, 1.502, 68, 17.375, 0.79921875 
1504008480.574819, 0.161, 0.699, 1.476, 1.473, 88, 17.375, 0.77021484375 
1504008481.494781, 0.780, 0.790, 1.534, 1.502, 97, 17.375, 0.80244140625 
1504008482.414826, 0.941, 0.751, 1.576, 1.544, 88, 17.375, 0.79921875 
1504008483.334765, 0.139, 0.802, 1.595, 1.511, 82, 17.375, 0.80244140625 
1504008484.254814, 0.915, 0.880, 1.473, 1.476, 88, 17.375, 0.812109375 
1504008485.174755, 0.893, 0.786, 1.476, 1.511, 100, 17.375, 0.812109375 
1504008486.094828, 0.873, 0.802, 1.595, 1.553, 88, 17.375, 0.82177734375 
1504008487.014821, 0.709, 0.777, 1.502, 1.502, 128, 17.375, 0.837890625 
1504008487.934849, 0.751, 0.838, 1.560, 1.540, 128, 17.375, 0.82177734375 
1504008488.854773, 0.838, 0.812, 1.489, 1.473, 88, 17.375, 0.812109375 
1504008489.774735, 0.709, 0.786, 1.502, 1.508, 86, 17.375, 0.82177734375 
1504008490.694819, 0.799, 0.664, 1.534, 1.511, 88, 17.375, 0.80244140625 
1504008491.614785, 0.802, 0.770, 1.544, 1.553, 63, 17.375, 0.812109375 
1504008492.534818, 0.664, 0.719, 1.576, 1.560, 88, 17.375, 0.8314453125 
1504008493.454773, 0.819, 0.780, 1.534, 1.492, 51, 17.375, 0.812109375 
1504008494.374807, 0.203, 0.193, 1.476, 1.473, 88, 17.375, 0.78955078125 
1504008495.294766, 0.645, 0.751, 1.511, 1.502, 93, 17.375, 0.80244140625 
1504008496.214877, 0.780, 0.780, 1.576, 1.576, 96, 17.375, 0.8185546875 
1504008497.135010, 0.883, 0.873, 1.518, 1.540, 7, 17.375, 0.8314453125 
1504008498.054907, 0.116, 0.751, 1.476, 1.457, 0, 17.375, 0.79921875 
1504008498.974775, 0.735, 0.738, 1.605, 1.595, 96, 17.375, 0.8314453125 
1504008499.894749, 0.935, 0.838, 1.518, 1.550, 83, 17.375, 0.82177734375 
1504008500.814802, 0.193, 0.728, 1.479, 1.508, 96, 17.375, 0.786328125 
1504008501.734794, 0.802, 0.851, 1.502, 1.502, 94, 17.375, 0.79921875 
1504008502.654833, 0.854, 0.693, 1.476, 1.470, 96, 17.375, 0.7798828125 
1504008503.574794, 0.812, 0.838, 1.553, 1.534, 18, 17.375, 0.786328125 
1504008504.494820, 0.058, 0.677, 1.489, 1.476, 96, 17.375, 0.78955078125 
1504008505.414816, 0.838, 0.799, 1.534, 1.553, 40, 17.375, 0.812109375 
1504008506.334827, 0.799, 0.770, 1.563, 1.553, 96, 17.375, 0.79921875 
1504008507.254801, 0.683, 0.812, 1.550, 1.560, 68, 17.375, 0.812109375 
1504008508.174850, 0.822, 0.790, 1.544, 1.553, 128, 17.375, 0.80244140625 
1504008509.094777, 0.915, 0.780, 1.492, 1.492, 96, 17.375, 0.80244140625 
1504008510.014789, 0.767, 0.819, 1.511, 1.492, 59, 17.375, 0.786328125 
1504008510.934836, 0.161, 0.667, 1.476, 1.470, 96, 17.375, 0.7798828125 
1504008511.854788, 0.819, 0.828, 1.547, 1.560, 54, 17.375, 0.82177734375 
1504008512.774822, 0.654, 0.677, 1.560, 1.511, 96, 17.375, 0.80244140625 
1504008513.694833, 0.915, 0.828, 1.544, 1.511, 49, 17.375, 0.79921875 
1504008514.614820, 0.780, 0.645, 1.576, 1.579, 96, 17.375, 0.82822265625 
1504008515.534775, 0.709, 0.773, 1.560, 1.553, 59, 17.375, 0.812109375 
1504008516.454847, 0.635, 0.719, 1.470, 1.470, 96, 17.375, 0.786328125 
1504008517.374782, 0.728, 0.667, 1.560, 1.534, 8, 17.375, 0.812109375 
1504008518.294863, 0.709, 0.754, 1.476, 1.473, 0, 17.375, 0.786328125 
1504008519.214770, 0.648, 0.735, 1.627, 1.605, 96, 17.375, 0.8185546875 
1504008520.134587, 0.838, 0.854, 1.560, 1.518, 52, 17.375, 0.79921875 
1504008521.054545, 0.780, 0.709, 1.544, 1.518, 96, 17.375, 0.7798828125 
1504008521.974547, 0.751, 0.822, 1.502, 1.492, 116, 17.437, 0.812109375 
1504008522.894535, 0.735, 0.802, 1.473, 1.473, 96, 17.375, 0.812109375 
1504008523.814875, 0.709, 0.831, 1.550, 1.550, 64, 17.375, 0.82177734375 
1504008524.734865, 0.006, 0.184, 1.473, 1.476, 96, 17.375, 0.812109375 
1504008525.654838, 0.922, 0.822, 1.540, 1.550, 95, 17.375, 0.82822265625 
1504008526.574805, 0.802, 0.709, 1.473, 1.473, 96, 17.437, 0.7798828125 
1504008527.494790, 0.677, 0.767, 1.508, 1.518, 100, 17.437, 0.79921875 
1504008528.414842, 0.677, 0.831, 1.473, 1.470, 0, 17.437, 0.812109375 
1504008529.334810, 0.831, 0.677, 1.579, 1.579, 96, 17.437, 0.8314453125 
1504008530.254806, 0.777, 0.838, 1.550, 1.560, 123, 17.437, 0.82177734375 
1504008531.174852, 0.664, 0.648, 1.492, 1.470, 104, 17.437, 0.7798828125 
1504008532.094836, 0.754, 0.857, 1.518, 1.518, 50, 17.437, 0.82177734375 
1504008533.014814, 0.026, 0.203, 1.492, 1.473, 104, 17.437, 0.82177734375 
1504008533.934780, 0.957, 0.883, 1.547, 1.547, 105, 17.437, 0.8314453125 
1504008534.854843, 0.754, 0.802, 1.476, 1.470, 104, 17.437, 0.7798828125 
1504008535.774771, 0.709, 0.857, 1.511, 1.511, 94, 17.437, 0.8185546875 
1504008536.694848, 0.693, 0.715, 1.492, 1.502, 104, 17.437, 0.79921875 
1504008537.614820, 0.838, 0.799, 1.534, 1.502, 47, 17.437, 0.80244140625 
1504008538.534835, 0.812, 0.880, 1.560, 1.553, 128, 17.437, 0.8185546875 
1504008539.454791, 0.677, 0.751, 1.534, 1.518, 104, 17.437, 0.812109375 
1504008540.374770, 1.502, 0.883, 1.534, 1.550, 43, 17.437, 0.80244140625 
1504008541.304861, 0.193, 0.751, 1.534, 1.534, 104, 17.437, 0.812109375 
1504008542.224805, 0.851, 0.857, 1.553, 1.553, 94, 17.437, 0.8185546875 
1504008543.144820, 0.786, 0.831, 1.511, 1.502, 104, 17.437, 0.79921875 
1504008544.064759, 0.883, 0.883, 1.502, 1.502, 0, 17.437, 0.812109375 
1504008544.984820, 0.151, 0.709, 1.476, 1.502, 104, 17.437, 0.812109375 
1504008545.904845, 1.028, 0.873, 1.540, 1.492, 21, 17.437, 0.812109375 
1504008546.824844, 0.838, 0.889, 1.473, 1.473, 104, 17.437, 0.79921875 
1504008547.744821, 0.915, 0.838, 1.579, 1.502, 82, 17.437, 0.80244140625 
1504008548.664846, 0.880, 0.822, 1.473, 1.473, 128, 17.437, 0.812109375 
1504008549.584965, 0.915, 0.838, 1.560, 1.563, 104, 17.437, 0.8185546875 
1504008550.504832, 0.645, 0.883, 1.534, 1.508, 20, 17.437, 0.79921875 
1504008551.424854, 0.751, 0.171, 1.492, 1.473, 104, 17.437, 0.7798828125 
1504008552.344813, 0.922, 0.857, 1.534, 1.534, 104, 17.437, 0.8185546875 
1504008553.264824, 0.728, 0.777, 1.473, 1.492, 104, 17.437, 0.80244140625 
1504008554.184788, 0.203, 0.880, 1.518, 1.544, 128, 17.437, 0.812109375 
1504008555.104945, 0.812, 0.838, 1.476, 1.470, 104, 17.437, 0.812109375 
1504008556.024805, 0.715, 0.854, 1.511, 1.502, 9, 17.437, 0.8185546875 
1504008556.944809, 0.184, 0.831, 1.553, 1.534, 104, 17.437, 0.79921875 
1504008557.864789, 0.857, 0.828, 1.553, 1.553, 57, 17.437, 0.812109375 
1504008558.784835, 0.748, 0.838, 1.605, 1.576, 128, 17.437, 0.82177734375 
1504008559.704839, 0.883, 0.812, 1.492, 1.540, 104, 17.437, 0.80244140625 
1504008560.624786, 1.518, 0.883, 1.511, 1.502, 83, 17.437, 0.812109375 
1504008561.564813, 0.677, 0.838, 1.476, 1.476, 104, 17.437, 0.82177734375 
1504008562.484832, 0.777, 0.915, 1.502, 1.508, 68, 17.437, 0.8314453125 
1504008563.404885, 1.005, 0.851, 1.508, 1.502, 104, 17.437, 0.812109375 
1504008564.324792, 0.838, 0.889, 1.502, 1.534, 0, 17.437, 0.837890625 
1504008565.244802, 0.042, 0.648, 1.492, 1.476, 112, 17.437, 0.812109375 
1504008566.164757, 0.935, 0.935, 1.508, 1.492, 74, 17.437, 0.82177734375 
1504008567.084820, 0.161, 0.812, 1.534, 1.492, 112, 17.437, 0.82177734375 
1504008568.004820, 0.986, 0.893, 1.547, 1.492, 21, 17.437, 0.812109375 
1504008568.924817, 0.777, 0.822, 1.492, 1.473, 0, 17.437, 0.82177734375 
1504008569.844748, 0.738, 0.686, 1.579, 1.602, 112, 17.437, 0.85078125 
1504008570.777739, 1.009, 0.941, 1.502, 1.502, 75, 17.437, 0.8185546875 
1504008571.704860, 0.110, 0.738, 1.473, 1.473, 112, 17.437, 0.7798828125 
1504008572.624595, 0.812, 0.944, 1.534, 1.511, 66, 17.437, 0.812109375 
1504008573.544846, 0.677, 0.802, 1.473, 1.470, 112, 17.437, 0.80244140625 
1504008574.464802, 0.873, 0.915, 1.534, 1.560, 128, 17.437, 0.812109375 
1504008575.384836, 0.822, 0.915, 1.476, 1.502, 112, 17.437, 0.82822265625 
1504008576.304840, 0.857, 0.889, 1.502, 1.511, 21, 17.437, 0.837890625 
1504008577.224842, 0.822, 0.877, 1.534, 1.502, 112, 17.437, 0.812109375 
1504008578.144833, 0.944, 0.928, 1.502, 1.508, 112, 17.437, 0.8185546875 
1504008579.064873, 0.838, 0.883, 1.492, 1.476, 112, 17.437, 0.82177734375 
1504008579.984787, 1.018, 0.854, 1.544, 1.518, 112, 17.437, 0.82177734375 
1504008580.904791, 0.802, 0.899, 1.473, 1.476, 120, 17.437, 0.812109375 
1504008581.824829, 0.883, 0.854, 1.550, 1.560, 112, 17.437, 0.85078125 
1504008582.744811, 1.511, 0.922, 1.502, 1.492, 119, 17.437, 0.837890625 
1504008583.664852, 1.502, 0.854, 1.550, 1.550, 112, 17.437, 0.82177734375 
1504008584.584782, 0.767, 0.922, 1.560, 1.560, 128, 17.437, 0.82822265625 
1504008585.504883, 1.470, 0.873, 1.550, 1.553, 112, 17.437, 0.837890625 
1504008586.424788, 0.780, 0.899, 1.518, 1.502, 12, 17.437, 0.812109375 
1504008587.344848, 0.097, 0.677, 1.492, 1.476, 112, 17.437, 0.80244140625 
1504008588.264789, 0.931, 0.873, 1.534, 1.550, 63, 17.437, 0.82822265625 
1504008589.184853, 0.728, 0.802, 1.473, 1.492, 112, 17.437, 0.812109375 
1504008590.104811, 1.009, 0.770, 1.553, 1.511, 112, 17.437, 0.812109375 
1504008591.024758, 0.748, 0.915, 1.473, 1.470, 80, 17.437, 0.8314453125 
1504008591.944804, 0.725, 0.802, 1.473, 1.473, 112, 17.437, 0.82177734375 
1504008592.864845, 0.935, 0.915, 1.511, 1.508, 5, 17.500, 0.8314453125 
1504008593.784844, 0.719, 0.203, 1.637, 1.637, 112, 17.500, 0.837890625 
1504008594.704821, 0.922, 0.915, 1.540, 1.502, 0, 17.500, 0.8185546875 
1504008595.624833, 0.151, 0.677, 1.508, 1.534, 112, 17.500, 0.812109375 
1504008596.544785, 0.780, 0.915, 1.544, 1.492, 100, 17.437, 0.8185546875 
1504008597.464834, 0.819, 0.877, 1.560, 1.550, 112, 17.437, 0.8185546875 
1504008598.384767, 0.831, 0.851, 1.553, 1.553, 54, 17.437, 0.84111328125 
1504008599.304877, 0.873, 0.935, 1.550, 1.534, 120, 17.437, 0.8314453125 
1504008600.225001, 0.893, 0.851, 1.576, 1.563, 120, 17.437, 0.85078125 
1504008601.144783, 0.915, 0.960, 1.492, 1.473, 57, 17.437, 0.80244140625 
1504008602.064803, 0.000, 0.203, 1.473, 1.470, 120, 17.437, 0.79921875 
1504008602.984785, 0.976, 0.976, 1.534, 1.502, 7, 17.437, 0.80244140625 
1504008603.904855, 0.654, 0.184, 1.644, 1.644, 120, 17.437, 0.812109375 
1504008604.824771, 1.518, 0.973, 1.518, 1.508, 0, 17.500, 0.812109375 
1504008605.744836, 0.735, 0.677, 1.579, 1.605, 120, 17.437, 0.837890625 
1504008606.664836, 0.851, 0.941, 1.579, 1.576, 28, 17.500, 0.8314453125 
1504008607.584847, 0.812, 0.812, 1.476, 1.473, 120, 17.437, 0.78955078125 
1504008608.504829, 0.883, 0.941, 1.502, 1.511, 21, 17.500, 0.82822265625 
1504008609.424844, 0.857, 0.854, 1.473, 1.476, 120, 17.500, 0.812109375 
1504008610.344819, 0.828, 0.822, 1.534, 1.550, 120, 17.500, 0.8314453125 
1504008611.264810, 0.899, 0.957, 1.502, 1.508, 105, 17.500, 0.82177734375 
1504008612.184828, 1.005, 0.802, 1.563, 1.563, 120, 17.500, 0.8314453125 
1504008613.104847, 1.009, 0.960, 1.544, 1.492, 46, 17.500, 0.82822265625 
1504008614.024812, 0.068, 0.699, 1.611, 1.605, 120, 17.500, 0.82177734375 
1504008614.944792, 0.880, 0.976, 1.563, 1.560, 128, 17.500, 0.8314453125 
1504008615.864815, 0.770, 0.828, 1.476, 1.473, 120, 17.500, 0.812109375 
1504008616.784786, 1.009, 0.957, 1.560, 1.560, 31, 17.500, 0.8185546875 
1504008617.704868, 0.780, 0.831, 1.518, 1.553, 120, 17.500, 0.84111328125 
1504008618.624739, 1.511, 0.944, 1.553, 1.534, 119, 17.500, 0.82822265625 
1504008619.544848, 0.709, 0.915, 1.473, 1.470, 120, 17.500, 0.82822265625 
1504008620.464791, 0.751, 0.899, 1.534, 1.544, 120, 17.500, 0.8185546875 
1504008621.384771, 1.473, 0.957, 1.492, 1.457, 111, 17.500, 0.812109375 
1504008622.304866, 0.819, 0.735, 1.550, 1.560, 120, 17.500, 0.82822265625 
1504008623.224768, 1.576, 0.976, 1.563, 1.511, 5, 17.500, 0.8314453125 
1504008624.144812, 0.119, 0.110, 1.647, 1.647, 120, 17.500, 0.85400390625 
1504008625.064599, 0.944, 0.957, 1.492, 1.511, 0, 17.500, 0.8314453125 
1504008625.984545, 0.132, 0.677, 1.560, 1.550, 120, 17.500, 0.82177734375 
1504008626.904519, 0.935, 0.957, 1.576, 1.560, 99, 17.500, 0.8314453125 
1504008627.824526, 0.802, 0.786, 1.457, 1.473, 120, 17.500, 0.812109375 
1504008628.744757, 1.473, 0.944, 1.511, 1.492, 92, 17.500, 0.82822265625 
1504008629.664822, 0.200, 0.860, 1.492, 1.473, 120, 17.500, 0.812109375 
1504008630.584797, 0.960, 0.822, 1.547, 1.544, 120, 17.500, 0.812109375 
1504008631.504774, 1.028, 0.973, 1.511, 1.550, 8, 17.500, 0.82822265625 
1504008632.424784, 0.110, 0.648, 1.473, 1.470, 120, 17.500, 0.79921875 
1504008633.344805, 1.511, 1.005, 1.511, 1.502, 21, 17.500, 0.82177734375 
1504008634.264822, 0.632, 0.709, 1.576, 1.560, 128, 17.500, 0.8185546875 
1504008635.184773, 1.647, 1.018, 1.560, 1.563, 0, 17.500, 0.85078125 
1504008636.104858, 0.931, 0.819, 1.560, 1.534, 128, 17.500, 0.8314453125 
1504008637.024803, 0.957, 1.018, 1.534, 1.502, 121, 17.500, 0.82822265625 
1504008637.944849, 0.184, 0.851, 1.492, 1.457, 128, 17.500, 0.812109375 
1504008638.864787, 1.476, 0.941, 1.534, 1.563, 8, 17.500, 0.8572265625 
1504008639.784828, 0.870, 0.925, 1.476, 1.473, 128, 17.500, 0.8314453125 
1504008640.704915, 0.838, 0.851, 1.563, 1.576, 128, 17.500, 0.837890625 
1504008641.624760, 0.993, 1.018, 1.492, 1.534, 78, 17.500, 0.837890625 
1504008642.544784, 0.754, 0.812, 1.579, 1.560, 128, 17.500, 0.84111328125 
1504008643.464813, 1.518, 1.450, 1.511, 1.492, 113, 17.500, 0.8314453125 
1504008644.384813, 0.857, 0.857, 1.473, 1.473, 128, 17.500, 0.80244140625 
1504008645.304827, 1.511, 1.018, 1.560, 1.553, 0, 17.500, 0.8314453125 
1504008646.224833, 0.116, 0.777, 1.476, 1.502, 128, 17.500, 0.82177734375 
1504008647.144824, 1.473, 1.018, 1.511, 1.534, 112, 17.500, 0.8314453125 
1504008648.064835, 0.735, 0.889, 1.553, 1.534, 128, 17.500, 0.82177734375 
1504008648.984773, 0.851, 0.925, 1.560, 1.560, 13, 17.500, 0.82177734375 
1504008649.904881, 0.751, 0.922, 1.595, 1.605, 128, 17.500, 0.82177734375 
1504008650.824784, 0.709, 0.728, 1.560, 1.579, 128, 17.500, 0.82822265625 
1504008651.744950, 0.922, 1.450, 1.508, 1.502, 98, 17.500, 0.79921875 
1504008652.664820, 0.799, 0.751, 1.573, 1.576, 128, 17.500, 0.80244140625 
1504008653.584758, 0.931, 1.028, 1.511, 1.502, 100, 17.500, 0.82177734375 
1504008654.504852, 0.699, 0.812, 1.492, 1.473, 128, 17.500, 0.82177734375 
1504008655.424766, 1.450, 1.018, 1.560, 1.560, 0, 17.500, 0.8314453125 
1504008656.344803, 0.693, 0.777, 1.473, 1.470, 128, 17.500, 0.80244140625 
1504008657.264825, 0.931, 1.009, 1.518, 1.502, 49, 17.500, 0.8314453125 
1504008658.184849, 0.944, 0.883, 1.511, 1.492, 128, 17.500, 0.812109375 
1504008659.104853, 1.492, 0.857, 1.605, 1.534, 22, 17.500, 0.812109375 
1504008660.024818, 0.777, 0.899, 1.492, 1.476, 128, 17.500, 0.8185546875 
1504008660.944780, 0.857, 0.773, 1.624, 1.605, 128, 17.500, 0.8314453125 
1504008661.864835, 0.915, 1.028, 1.544, 1.534, 39, 17.500, 0.80244140625 
1504008662.784818, 0.026, 0.677, 1.492, 1.470, 128, 17.500, 0.80244140625 
1504008663.704878, 1.476, 1.009, 1.547, 1.560, 51, 17.500, 0.82177734375 
1504008664.624859, 0.735, 0.699, 1.560, 1.563, 128, 17.500, 0.8314453125 
1504008665.554858, 1.457, 1.028, 1.508, 1.502, 128, 17.500, 0.8185546875 
1504008666.474866, 0.719, 0.831, 1.502, 1.492, 128, 17.500, 0.8185546875 
1504008667.394829, 0.941, 0.944, 1.511, 1.518, 128, 17.500, 0.82177734375 
