t,dr,cr,pv,fdr,fcr1491829560.626611, 0.081, 0.976, 0, 0.081, 0.976 
1491829560.726924, 0.093, 1.028, 0, 0.093, 1.028 
1491829560.827167, 0.748, 1.005, 0, 0.748, 1.005 
1491829560.927407, 0.625, 1.473, 0, 0.625, 1.473 
1491829561.027644, 0.686, 1.473, 0, 0.686, 1.473 
1491829561.127881, 0.719, 1.473, 0, 0.719, 1.473 
1491829561.228118, 0.683, 1.473, 0, 0.683, 1.473 
1491829561.328360, 0.722, 1.470, 0, 0.722, 1.470 
1491829561.428599, 0.648, 1.470, 0, 0.648, 1.470 
1491829561.528837, 0.686, 1.028, 0, 0.686, 1.028 
1491829561.629075, 0.625, 1.018, 0, 0.625, 1.018 
1491829561.729318, 0.664, 1.005, 0, 0.664, 1.005 
1491829561.829557, 0.719, 1.005, 0, 0.719, 1.005 
1491829561.929797, 0.664, 1.009, 0, 0.664, 1.009 
1491829562.030036, 0.683, 1.009, 0, 0.683, 1.009 
1491829562.130276, 0.645, 1.005, 0, 0.645, 1.005 
1491829562.230515, 0.683, 1.009, 0, 0.683, 1.009 
1491829562.330757, 0.193, 1.018, 0, 0.193, 1.018 
1491829562.430997, 0.632, 1.018, 0, 0.632, 1.018 
1491829562.531237, 0.735, 1.450, 0, 0.735, 1.450 
1491829562.631475, 0.632, 1.005, 1, 0.632, 1.005 
1491829562.731715, 0.674, 1.018, 1, 0.674, 1.018 
1491829562.831954, 0.171, 1.009, 1, 0.171, 1.009 
1491829562.932191, 0.625, 1.473, 1, 0.625, 1.473 
1491829563.032431, 0.735, 1.005, 1, 0.735, 1.005 
1491829563.132668, 0.677, 1.450, 1, 0.677, 1.450 
1491829563.232907, 0.712, 1.028, 1, 0.712, 1.028 
1491829563.333143, 0.709, 1.028, 1, 0.709, 1.028 
1491829563.433382, 0.728, 1.018, 1, 0.728, 1.018 
1491829563.533620, 0.151, 1.018, 1, 0.151, 1.018 
1491829563.633861, 0.625, 1.018, 2, 0.625, 1.018 
1491829563.734099, 0.129, 1.450, 2, 0.129, 1.450 
1491829563.834339, 0.026, 1.018, 2, 0.026, 1.018 
1491829563.934577, 0.006, 1.009, 2, 0.006, 1.009 
1491829564.034835, 0.645, 1.473, 2, 0.645, 1.473 
1491829564.135089, 0.625, 1.005, 2, 0.625, 1.005 
1491829564.235345, 0.058, 1.018, 2, 0.058, 1.018 
1491829564.335603, 0.032, 1.018, 2, 0.032, 1.018 
1491829564.435863, 0.735, 1.473, 2, 0.735, 1.473 
1491829564.536144, 0.751, 1.018, 2, 0.751, 1.018 
1491829564.636401, 0.648, 1.009, 3, 0.648, 1.009 
1491829564.736658, 0.677, 1.473, 3, 0.677, 1.473 
1491829564.836914, 0.699, 1.018, 3, 0.699, 1.018 
1491829564.937170, 0.677, 1.476, 3, 0.677, 1.476 
1491829565.037424, 0.699, 1.018, 3, 0.699, 1.018 
1491829565.137678, 0.193, 1.028, 3, 0.193, 1.028 
1491829565.237933, 0.657, 1.476, 3, 0.657, 1.476 
1491829565.338187, 0.748, 1.028, 3, 0.748, 1.028 
1491829565.438441, 0.651, 1.476, 3, 0.651, 1.476 
1491829565.538695, 0.699, 1.470, 3, 0.699, 1.470 
1491829565.638949, 0.767, 1.025, 4, 0.767, 1.025 
1491829565.739230, 0.686, 1.009, 4, 0.686, 1.009 
1491829565.839486, 0.677, 1.489, 4, 0.677, 1.489 
1491829565.939745, 0.780, 1.473, 4, 0.780, 1.473 
1491829566.040001, 0.632, 1.028, 4, 0.632, 1.028 
1491829566.140256, 0.703, 1.018, 4, 0.703, 1.018 
1491829566.240511, 0.777, 1.457, 4, 0.777, 1.457 
1491829566.340765, 0.699, 1.005, 4, 0.699, 1.005 
1491829566.441021, 0.686, 1.473, 4, 0.686, 1.473 
1491829566.541277, 0.735, 1.476, 4, 0.735, 1.476 
1491829566.641538, 0.693, 1.492, 5, 0.693, 1.492 
1491829566.741796, 0.657, 1.018, 5, 0.657, 1.018 
1491829566.842050, 0.709, 1.473, 5, 0.709, 1.473 
1491829566.942306, 0.728, 1.009, 5, 0.728, 1.009 
1491829567.042562, 0.683, 1.473, 5, 0.683, 1.473 
1491829567.142816, 0.693, 1.018, 5, 0.693, 1.018 
1491829567.243071, 0.699, 1.470, 5, 0.699, 1.470 
1491829567.343327, 0.148, 1.018, 5, 0.148, 1.018 
1491829567.443604, 0.554, 2.346, 5, 0.554, 2.346 
1491829567.544024, 0.757, 2.259, 5, 0.757, 2.259 
1491829567.644443, 0.574, 2.320, 6, 0.574, 2.320 
1491829567.744863, 0.625, 2.288, 6, 0.625, 2.288 
1491829567.845278, 0.918, 2.365, 6, 0.918, 2.365 
1491829567.945696, 0.551, 2.243, 6, 0.551, 2.243 
1491829568.046114, 0.567, 2.398, 6, 0.567, 2.398 
1491829568.146530, 0.632, 2.243, 6, 0.632, 2.243 
1491829568.246946, 0.587, 2.382, 6, 0.587, 2.382 
1491829568.347362, 0.480, 2.324, 6, 0.480, 2.324 
1491829568.447778, 0.712, 2.291, 6, 0.712, 2.291 
1491829568.548197, 0.857, 2.262, 6, 0.857, 2.262 
1491829568.648637, 0.619, 2.411, 7, 0.619, 2.411 
1491829568.749065, 0.638, 2.269, 7, 0.638, 2.269 
1491829568.849598, 0.848, 2.307, 7, 0.848, 2.307 
1491829568.950027, 0.522, 2.266, 7, 0.522, 2.266 
1491829569.050448, 0.509, 2.278, 7, 0.509, 2.278 
1491829569.150868, 0.690, 2.272, 7, 0.690, 2.272 
1491829569.251285, 0.661, 2.307, 7, 0.661, 2.307 
1491829569.351705, 0.580, 2.291, 7, 0.580, 2.291 
1491829569.452121, 0.593, 2.278, 7, 0.593, 2.278 
1491829569.552543, 0.877, 2.278, 7, 0.877, 2.278 
1491829569.652962, 0.638, 2.414, 8, 0.638, 2.414 
1491829569.753387, 0.570, 2.259, 8, 0.570, 2.259 
1491829569.853803, 0.754, 2.288, 8, 0.754, 2.288 
1491829569.954226, 0.980, 2.307, 8, 0.980, 2.307 
1491829570.054644, 0.641, 2.417, 8, 0.641, 2.417 
1491829570.155064, 0.387, 2.278, 8, 0.387, 2.278 
1491829570.255480, 0.616, 2.411, 8, 0.616, 2.411 
1491829570.355901, 0.877, 2.272, 8, 0.877, 2.272 
1491829570.456318, 0.593, 2.407, 8, 0.593, 2.407 
1491829570.556733, 0.670, 2.269, 8, 0.670, 2.269 
1491829570.657150, 0.928, 2.411, 9, 0.928, 2.411 
1491829570.757575, 0.777, 2.369, 9, 0.777, 2.369 
1491829570.857991, 0.616, 2.411, 9, 0.616, 2.411 
1491829570.958411, 0.696, 2.382, 9, 0.696, 2.382 
1491829571.058826, 0.883, 2.278, 9, 0.883, 2.278 
1491829571.159310, 0.725, 2.288, 9, 0.725, 2.288 
1491829571.259731, 0.567, 2.346, 9, 0.567, 2.346 
1491829571.360147, 0.577, 2.411, 9, 0.577, 2.411 
1491829571.460562, 0.799, 2.291, 9, 0.799, 2.291 
1491829571.560982, 0.519, 2.259, 9, 0.519, 2.259 
1491829571.661401, 0.480, 2.311, 10, 0.480, 2.311 
1491829571.761791, 0.844, 2.278, 10, 0.844, 2.278 
1491829571.862173, 0.896, 2.278, 10, 0.896, 2.278 
1491829571.962556, 0.664, 2.288, 10, 0.664, 2.288 
1491829572.062938, 0.548, 2.269, 10, 0.548, 2.269 
1491829572.163323, 0.751, 2.288, 10, 0.751, 2.288 
1491829572.263702, 1.025, 2.272, 10, 1.025, 2.272 
1491829572.364088, 0.748, 2.266, 10, 0.748, 2.266 
1491829572.464470, 0.719, 2.288, 10, 0.719, 2.288 
1491829572.564889, 0.738, 2.278, 10, 0.738, 2.278 
1491829572.665309, 1.025, 2.288, 11, 1.025, 2.288 
1491829572.765730, 0.812, 2.346, 11, 0.812, 2.346 
1491829572.866148, 0.535, 2.278, 11, 0.535, 2.278 
1491829572.966567, 0.548, 2.288, 11, 0.548, 2.288 
1491829573.066982, 0.838, 2.382, 11, 0.838, 2.382 
1491829573.167399, 1.102, 2.411, 11, 1.102, 2.411 
1491829573.267814, 0.558, 2.253, 11, 0.558, 2.253 
1491829573.368230, 0.519, 2.359, 11, 0.519, 2.359 
1491829573.468644, 0.741, 2.307, 11, 0.741, 2.307 
1491829573.569060, 0.970, 2.411, 11, 0.970, 2.411 
1491829573.669478, 0.970, 2.365, 12, 0.970, 2.365 
1491829573.769900, 0.625, 2.382, 12, 0.625, 2.382 
1491829573.870315, 0.516, 2.411, 12, 0.516, 2.411 
1491829573.970735, 0.773, 2.411, 12, 0.773, 2.411 
1491829574.071155, 0.999, 2.307, 12, 0.999, 2.307 
1491829574.171574, 0.738, 2.291, 12, 0.738, 2.291 
1491829574.271994, 0.490, 2.253, 12, 0.490, 2.253 
1491829574.372413, 0.454, 2.266, 12, 0.454, 2.266 
1491829574.472865, 0.703, 2.307, 12, 0.703, 2.307 
1491829574.573282, 0.960, 2.369, 12, 0.960, 2.369 
1491829574.673701, 0.657, 2.398, 13, 0.657, 2.398 
1491829574.774121, 0.574, 2.330, 13, 0.574, 2.330 
1491829574.874539, 0.632, 2.256, 13, 0.632, 2.256 
1491829574.974957, 0.831, 2.269, 13, 0.831, 2.269 
1491829575.075379, 1.063, 2.256, 13, 1.063, 2.256 
1491829575.175796, 0.635, 2.291, 13, 0.635, 2.291 
1491829575.276214, 0.480, 2.282, 13, 0.480, 2.282 
1491829575.376630, 0.496, 2.291, 13, 0.496, 2.291 
1491829575.477047, 0.741, 2.320, 13, 0.741, 2.320 
1491829575.577462, 1.044, 2.253, 13, 1.044, 2.253 
1491829575.677879, 0.596, 2.382, 14, 0.596, 2.382 
1491829575.778301, 0.387, 2.256, 14, 0.387, 2.256 
1491829575.878719, 0.506, 2.256, 14, 0.506, 2.256 
1491829575.979210, 1.028, 2.243, 14, 1.028, 2.243 
1491829576.079625, 1.299, 2.398, 14, 1.299, 2.398 
1491829576.180046, 0.835, 2.407, 14, 0.835, 2.407 
1491829576.280463, 0.393, 2.398, 14, 0.393, 2.398 
1491829576.380879, 0.296, 2.398, 14, 0.296, 2.398 
1491829576.481294, 0.670, 2.394, 14, 0.670, 2.394 
1491829576.581709, 1.167, 2.372, 14, 1.167, 2.372 
1491829576.682131, 0.999, 2.423, 15, 0.999, 2.423 
1491829576.782517, 0.545, 2.269, 15, 0.545, 2.269 
1491829576.882903, 0.487, 2.256, 15, 0.487, 2.256 
1491829576.983401, 0.690, 2.295, 15, 0.690, 2.295 
1491829577.083790, 0.944, 2.320, 15, 0.944, 2.320 
1491829577.184171, 1.331, 2.411, 15, 1.331, 2.411 
1491829577.284550, 0.735, 2.391, 15, 0.735, 2.391 
1491829577.384935, 0.403, 2.291, 15, 0.403, 2.291 
1491829577.485316, 0.387, 2.278, 15, 0.387, 2.278 
1491829577.585695, 0.806, 2.269, 15, 0.806, 2.269 
1491829577.686077, 1.060, 2.269, 16, 1.060, 2.269 
1491829577.786460, 1.221, 2.423, 16, 1.221, 2.423 
1491829577.886845, 0.609, 2.320, 16, 0.609, 2.320 
1491829577.987285, 0.213, 2.256, 16, 0.213, 2.256 
1491829578.087699, 0.351, 2.320, 16, 0.351, 2.320 
1491829578.188116, 0.880, 2.411, 16, 0.880, 2.411 
1491829578.288536, 1.308, 2.291, 16, 1.308, 2.291 
1491829578.388952, 1.424, 2.278, 16, 1.424, 2.278 
1491829578.489408, 0.554, 2.314, 16, 0.554, 2.314 
1491829578.589829, 0.084, 2.330, 16, 0.084, 2.330 
1491829578.690250, 0.064, 2.398, 17, 0.064, 2.398 
1491829578.790673, 0.748, 2.288, 17, 0.748, 2.288 
1491829578.891091, 1.631, 2.372, 17, 1.631, 2.372 
1491829578.991508, 1.495, 2.269, 17, 1.495, 2.269 
1491829579.091922, 1.025, 2.417, 17, 1.025, 2.417 
1491829579.192343, 0.454, 2.278, 17, 0.454, 2.278 
1491829579.292764, 0.042, 2.311, 17, 0.042, 2.311 
1491829579.393184, 0.248, 2.262, 17, 0.248, 2.262 
1491829579.493601, 1.205, 2.295, 17, 1.205, 2.295 
1491829579.594016, 1.495, 2.436, 17, 1.495, 2.436 
1491829579.694438, 1.463, 2.398, 18, 1.463, 2.398 
1491829579.794858, 0.973, 2.307, 18, 0.973, 2.307 
1491829579.895277, 0.351, 2.382, 18, 0.351, 2.382 
1491829579.995697, 0.126, 2.372, 18, 0.126, 2.372 
1491829580.096110, 0.258, 2.307, 18, 0.258, 2.307 
1491829580.196527, 0.480, 2.278, 18, 0.480, 2.278 
1491829580.296942, 1.292, 2.436, 18, 1.292, 2.436 
1491829580.397358, 1.418, 2.411, 18, 1.418, 2.411 
1491829580.497774, 1.418, 2.320, 18, 1.418, 2.320 
1491829580.598188, 1.315, 2.320, 18, 1.315, 2.320 
1491829580.698606, 0.561, 2.394, 19, 0.561, 2.394 
1491829580.799032, 0.074, 2.266, 19, 0.074, 2.266 
1491829580.899450, 0.068, 2.295, 19, 0.068, 2.295 
1491829580.999866, 0.313, 2.372, 19, 0.313, 2.372 
1491829581.100283, 1.121, 2.278, 19, 1.121, 2.278 
1491829581.200702, 1.237, 2.269, 19, 1.237, 2.269 
1491829581.301121, 1.408, 2.291, 19, 1.408, 2.291 
1491829581.401540, 1.586, 2.291, 19, 1.586, 2.291 
1491829581.501955, 0.764, 2.291, 19, 0.764, 2.291 
1491829581.602375, 0.161, 2.414, 19, 0.161, 2.414 
1491829581.702793, 0.064, 2.411, 20, 0.064, 2.411 
1491829581.803218, 0.084, 2.278, 20, 0.084, 2.278 
1491829581.903634, 0.541, 2.423, 20, 0.541, 2.423 
1491829582.004058, 1.685, 2.272, 20, 1.685, 2.272 
1491829582.104473, 1.727, 2.304, 20, 1.727, 2.304 
1491829582.204888, 1.289, 2.411, 20, 1.289, 2.411 
1491829582.305314, 0.947, 2.291, 20, 0.947, 2.291 
1491829582.405769, 0.738, 2.256, 20, 0.738, 2.256 
1491829582.506191, 0.712, 2.291, 20, 0.712, 2.291 
1491829582.606606, 0.751, 2.427, 20, 0.751, 2.427 
1491829582.707025, 0.686, 2.440, 21, 0.686, 2.440 
1491829582.807446, 0.393, 2.288, 21, 0.393, 2.288 
1491829582.907865, 0.412, 2.291, 21, 0.412, 2.291 
1491829583.008284, 0.635, 2.382, 21, 0.635, 2.382 
1491829583.108699, 0.748, 2.246, 21, 0.748, 2.246 
1491829583.209203, 1.015, 2.398, 21, 1.015, 2.398 
1491829583.309629, 1.225, 2.433, 21, 1.225, 2.433 
1491829583.410051, 1.205, 2.443, 21, 1.205, 2.443 
1491829583.510470, 1.022, 2.427, 21, 1.022, 2.427 
1491829583.610890, 1.067, 2.307, 21, 1.067, 2.307 
1491829583.711348, 1.170, 2.295, 22, 1.170, 2.295 
1491829583.811737, 1.018, 2.411, 22, 1.018, 2.411 
1491829583.912126, 1.044, 2.433, 22, 1.044, 2.433 
1491829584.012511, 0.696, 2.411, 22, 0.696, 2.411 
1491829584.112897, 0.545, 2.278, 22, 0.545, 2.278 
1491829584.213278, 0.464, 2.288, 22, 0.464, 2.288 
1491829584.313662, 0.316, 2.411, 22, 0.316, 2.411 
1491829584.414050, 0.480, 2.307, 22, 0.480, 2.307 
1491829584.514481, 0.725, 2.278, 22, 0.725, 2.278 
1491829584.614861, 0.993, 2.288, 22, 0.993, 2.288 
1491829584.715252, 1.005, 2.340, 23, 1.005, 2.340 
1491829584.815635, 1.131, 2.423, 23, 1.131, 2.423 
1491829584.916022, 1.315, 2.391, 23, 1.315, 2.391 
1491829585.016508, 1.205, 2.433, 23, 1.205, 2.433 
1491829585.116892, 1.154, 2.330, 23, 1.154, 2.330 
1491829585.217273, 1.776, 2.304, 23, 1.776, 2.304 
1491829585.317659, 1.083, 2.324, 23, 1.083, 2.324 
1491829585.418080, 0.744, 2.307, 23, 0.744, 2.307 
1491829585.518494, 0.635, 2.291, 23, 0.635, 2.291 
1491829585.618908, 0.638, 2.256, 23, 0.638, 2.256 
1491829585.719385, 0.645, 2.320, 24, 0.645, 2.320 
1491829585.819770, 0.670, 2.291, 24, 0.670, 2.291 
1491829585.920155, 0.677, 2.320, 24, 0.677, 2.320 
1491829586.020536, 0.699, 2.324, 24, 0.699, 2.324 
1491829586.120916, 0.641, 2.411, 24, 0.641, 2.411 
1491829586.221298, 0.677, 2.362, 24, 0.677, 2.362 
1491829586.321687, 0.806, 2.269, 24, 0.806, 2.269 
1491829586.422069, 0.831, 2.237, 24, 0.831, 2.237 
1491829586.522456, 1.121, 2.278, 24, 1.121, 2.278 
1491829586.622836, 1.276, 2.433, 24, 1.276, 2.433 
1491829586.723224, 1.250, 2.298, 26, 1.250, 2.298 
1491829586.823608, 1.076, 2.269, 26, 1.076, 2.269 
1491829586.923992, 1.028, 2.411, 26, 1.028, 2.411 
1491829587.024373, 0.996, 2.272, 26, 0.996, 2.272 
1491829587.124752, 1.144, 2.291, 26, 1.144, 2.291 
1491829587.225133, 1.131, 2.433, 26, 1.131, 2.433 
1491829587.325514, 1.260, 2.375, 26, 1.260, 2.375 
1491829587.425896, 1.241, 2.288, 26, 1.241, 2.288 
1491829587.526312, 1.237, 2.304, 26, 1.237, 2.304 
1491829587.626733, 1.160, 2.278, 26, 1.160, 2.278 
1491829587.727150, 1.228, 2.259, 27, 1.228, 2.259 
1491829587.827570, 1.173, 2.436, 27, 1.173, 2.436 
1491829587.927988, 1.028, 2.269, 27, 1.028, 2.269 
1491829588.028402, 0.909, 2.320, 27, 0.909, 2.320 
1491829588.128818, 0.951, 2.391, 27, 0.951, 2.391 
1491829588.229301, 0.915, 2.243, 27, 0.915, 2.243 
1491829588.329720, 0.786, 2.320, 27, 0.786, 2.320 
1491829588.430141, 0.819, 2.365, 27, 0.819, 2.365 
1491829588.530557, 1.054, 2.288, 27, 1.054, 2.288 
1491829588.630978, 1.083, 2.382, 27, 1.083, 2.382 
1491829588.731397, 0.989, 2.398, 28, 0.989, 2.398 
1491829588.831822, 0.922, 2.320, 28, 0.922, 2.320 
1491829588.932245, 0.835, 2.278, 28, 0.835, 2.278 
1491829589.032666, 0.886, 2.436, 28, 0.886, 2.436 
1491829589.133082, 0.889, 2.266, 28, 0.889, 2.266 
1491829589.233502, 0.893, 2.433, 28, 0.893, 2.433 
1491829589.333918, 0.751, 2.266, 28, 0.751, 2.266 
1491829589.434343, 0.799, 2.423, 28, 0.799, 2.423 
1491829589.534798, 0.790, 2.272, 28, 0.790, 2.272 
1491829589.635218, 0.973, 2.372, 28, 0.973, 2.372 
1491829589.735637, 0.918, 2.256, 29, 0.918, 2.256 
1491829589.836060, 0.935, 2.411, 29, 0.935, 2.411 
1491829589.936478, 0.999, 2.330, 29, 0.999, 2.330 
1491829590.036894, 1.102, 2.288, 29, 1.102, 2.288 
1491829590.137309, 1.083, 2.272, 29, 1.083, 2.272 
1491829590.237724, 1.289, 2.452, 29, 1.289, 2.452 
1491829590.338137, 1.138, 2.330, 29, 1.138, 2.330 
1491829590.438554, 1.051, 2.256, 29, 1.051, 2.256 
1491829590.538970, 0.918, 2.423, 29, 0.918, 2.423 
1491829590.639455, 0.935, 2.288, 29, 0.935, 2.288 
1491829590.739876, 0.947, 2.365, 30, 0.947, 2.365 
1491829590.840269, 1.099, 2.346, 30, 1.099, 2.346 
1491829590.940653, 1.028, 2.375, 30, 1.028, 2.375 
1491829591.041039, 0.931, 2.427, 30, 0.931, 2.427 
1491829591.141422, 1.096, 2.346, 30, 1.096, 2.346 
1491829591.241808, 0.912, 2.291, 30, 0.912, 2.291 
1491829591.342193, 1.160, 2.314, 30, 1.160, 2.314 
1491829591.442580, 1.360, 2.433, 30, 1.360, 2.433 
1491829591.542963, 1.237, 2.278, 30, 1.237, 2.278 
1491829591.643355, 1.038, 2.288, 30, 1.038, 2.288 
1491829591.743741, 0.999, 2.314, 31, 0.999, 2.314 
1491829591.844132, 0.973, 2.423, 31, 0.973, 2.423 
1491829591.944513, 0.980, 2.449, 31, 0.980, 2.449 
1491829592.044902, 1.060, 2.449, 31, 1.060, 2.449 
1491829592.145283, 0.973, 2.443, 31, 0.973, 2.443 
1491829592.245664, 1.102, 2.443, 31, 1.102, 2.443 
1491829592.346045, 0.973, 2.443, 31, 0.973, 2.443 
1491829592.446427, 1.186, 2.427, 31, 1.186, 2.427 
1491829592.546808, 1.170, 2.401, 31, 1.170, 2.401 
1491829592.647191, 1.047, 2.423, 31, 1.047, 2.423 
1491829592.747574, 1.076, 2.278, 32, 1.076, 2.278 
1491829592.847998, 0.989, 2.433, 32, 0.989, 2.433 
1491829592.948416, 1.022, 2.382, 32, 1.022, 2.382 
1491829593.048831, 0.851, 2.266, 32, 0.851, 2.266 
1491829593.149417, 1.054, 2.307, 32, 1.054, 2.307 
1491829593.249840, 1.051, 2.449, 32, 1.051, 2.449 
1491829593.350258, 1.083, 2.320, 32, 1.083, 2.320 
1491829593.450676, 1.279, 2.269, 32, 1.279, 2.269 
1491829593.551093, 1.173, 2.288, 32, 1.173, 2.288 
1491829593.651512, 1.125, 2.362, 32, 1.125, 2.362 
1491829593.751932, 0.918, 2.346, 33, 0.918, 2.346 
1491829593.852321, 0.954, 2.269, 33, 0.954, 2.269 
1491829593.952706, 1.022, 2.423, 33, 1.022, 2.423 
1491829594.053087, 1.070, 2.259, 33, 1.070, 2.259 
1491829594.153469, 1.179, 2.443, 33, 1.179, 2.443 
1491829594.253850, 1.408, 2.253, 33, 1.408, 2.253 
1491829594.354241, 1.260, 2.307, 33, 1.260, 2.307 
1491829594.454677, 0.944, 2.375, 33, 0.944, 2.375 
1491829594.555068, 1.028, 2.282, 33, 1.028, 2.282 
1491829594.655450, 1.028, 2.443, 33, 1.028, 2.443 
1491829594.755835, 0.938, 2.411, 34, 0.938, 2.411 
1491829594.856220, 1.096, 2.320, 34, 1.096, 2.320 
1491829594.956645, 1.157, 2.262, 34, 1.157, 2.262 
1491829595.057062, 1.176, 2.411, 34, 1.176, 2.411 
1491829595.157479, 1.083, 2.278, 34, 1.083, 2.278 
1491829595.257895, 0.996, 2.324, 34, 0.996, 2.324 
1491829595.358314, 0.964, 2.346, 34, 0.964, 2.346 
1491829595.458731, 1.189, 2.288, 34, 1.189, 2.288 
1491829595.559211, 1.092, 2.340, 34, 1.092, 2.340 
1491829595.659629, 0.996, 2.291, 34, 0.996, 2.291 
1491829595.760055, 0.851, 2.253, 35, 0.851, 2.253 
1491829595.860443, 0.902, 2.288, 35, 0.902, 2.288 
1491829595.960835, 1.125, 2.382, 35, 1.125, 2.382 
1491829596.061218, 1.205, 2.346, 35, 1.205, 2.346 
1491829596.161604, 1.408, 2.278, 35, 1.408, 2.278 
1491829596.261986, 1.318, 2.314, 35, 1.318, 2.314 
1491829596.362377, 1.179, 2.291, 35, 1.179, 2.291 
1491829596.462763, 1.041, 2.320, 35, 1.041, 2.320 
1491829596.563149, 1.034, 2.420, 35, 1.034, 2.420 
1491829596.663531, 1.157, 2.269, 35, 1.157, 2.269 
1491829596.763919, 0.928, 2.443, 36, 0.928, 2.443 
1491829596.864306, 0.848, 2.372, 36, 0.848, 2.372 
1491829596.964691, 0.918, 2.272, 36, 0.918, 2.272 
1491829597.065113, 0.951, 2.266, 36, 0.951, 2.266 
1491829597.165531, 1.189, 2.272, 36, 1.189, 2.272 
1491829597.265948, 1.186, 2.272, 36, 1.186, 2.272 
1491829597.366362, 0.993, 2.269, 36, 0.993, 2.269 
1491829597.466780, 1.173, 2.269, 36, 1.173, 2.269 
1491829597.567196, 1.231, 2.307, 36, 1.231, 2.307 
1491829597.667613, 1.331, 2.423, 36, 1.331, 2.423 
1491829597.768045, 1.221, 2.320, 37, 1.221, 2.320 
1491829597.868474, 1.109, 2.278, 37, 1.109, 2.278 
1491829597.968894, 1.102, 2.423, 37, 1.102, 2.423 
1491829598.069369, 0.983, 2.272, 37, 0.983, 2.272 
1491829598.169788, 1.150, 2.278, 37, 1.150, 2.278 
1491829598.270203, 0.980, 2.259, 37, 0.980, 2.259 
1491829598.370621, 0.925, 2.288, 37, 0.925, 2.288 
1491829598.471076, 0.996, 2.320, 37, 0.996, 2.320 
1491829598.571509, 1.063, 2.443, 37, 1.063, 2.443 
1491829598.671950, 1.276, 2.307, 37, 1.276, 2.307 
1491829598.772438, 1.289, 2.462, 38, 1.289, 2.462 
1491829598.872870, 1.392, 2.307, 38, 1.392, 2.307 
1491829598.973289, 1.247, 2.269, 38, 1.247, 2.269 
1491829599.073707, 1.299, 2.253, 38, 1.299, 2.253 
1491829599.174124, 1.241, 2.414, 38, 1.241, 2.414 
1491829599.274540, 1.160, 2.307, 38, 1.160, 2.307 
1491829599.374956, 1.276, 2.295, 38, 1.276, 2.295 
1491829599.475388, 1.524, 2.436, 38, 1.524, 2.436 
1491829599.575803, 1.141, 2.333, 38, 1.141, 2.333 
1491829599.676224, 1.012, 2.346, 39, 1.012, 2.346 
1491829599.776642, 1.341, 2.423, 39, 1.341, 2.423 
1491829599.877060, 1.063, 2.414, 39, 1.063, 2.414 
1491829599.977477, 1.005, 2.278, 39, 1.005, 2.278 
1491829600.077890, 1.170, 2.427, 39, 1.170, 2.427 
1491829600.178307, 1.260, 2.278, 39, 1.260, 2.278 
1491829600.278723, 1.073, 2.324, 39, 1.073, 2.324 
1491829600.379236, 1.034, 2.411, 39, 1.034, 2.411 
1491829600.479655, 1.128, 2.449, 39, 1.128, 2.449 
1491829600.580070, 1.247, 2.375, 39, 1.247, 2.375 
1491829600.680490, 1.115, 2.288, 40, 1.115, 2.288 
1491829600.780923, 1.121, 2.269, 40, 1.121, 2.269 
1491829600.881345, 1.054, 2.246, 40, 1.054, 2.246 
1491829600.981762, 1.212, 2.295, 40, 1.212, 2.295 
1491829601.082182, 1.076, 2.291, 40, 1.076, 2.291 
1491829601.182732, 1.054, 2.423, 40, 1.054, 2.423 
1491829601.283190, 1.025, 2.449, 40, 1.025, 2.449 
1491829601.383612, 1.202, 2.295, 40, 1.202, 2.295 
1491829601.484032, 0.928, 2.291, 40, 0.928, 2.291 
1491829601.584447, 1.063, 2.272, 40, 1.063, 2.272 
1491829601.684869, 1.257, 2.278, 41, 1.257, 2.278 
1491829601.785296, 1.012, 2.346, 41, 1.012, 2.346 
1491829601.885713, 1.102, 2.372, 41, 1.102, 2.372 
1491829601.986131, 1.102, 2.269, 41, 1.102, 2.269 
1491829602.086546, 1.212, 2.272, 41, 1.212, 2.272 
1491829602.186965, 1.228, 2.320, 41, 1.228, 2.320 
1491829602.287398, 1.134, 2.443, 41, 1.134, 2.443 
1491829602.387815, 1.176, 2.411, 41, 1.176, 2.411 
1491829602.488231, 1.196, 2.320, 41, 1.196, 2.320 
1491829602.588646, 1.076, 2.307, 41, 1.076, 2.307 
1491829602.689048, 1.070, 2.346, 42, 1.070, 2.346 
1491829602.789469, 1.289, 2.449, 42, 1.289, 2.449 
1491829602.889886, 1.205, 2.349, 42, 1.205, 2.349 
1491829602.990303, 0.964, 2.272, 42, 0.964, 2.272 
1491829603.090725, 1.263, 2.346, 42, 1.263, 2.346 
1491829603.191141, 1.083, 2.340, 42, 1.083, 2.340 
1491829603.291559, 1.073, 2.256, 42, 1.073, 2.256 
1491829603.391974, 1.128, 2.346, 42, 1.128, 2.346 
1491829603.492394, 1.215, 2.356, 42, 1.215, 2.356 
1491829603.592818, 1.063, 2.278, 42, 1.063, 2.278 
1491829603.693275, 1.160, 2.443, 43, 1.160, 2.443 
1491829603.793711, 1.237, 2.253, 43, 1.237, 2.253 
1491829603.894150, 1.109, 2.259, 43, 1.109, 2.259 
1491829603.994569, 1.218, 2.330, 43, 1.218, 2.330 
1491829604.094985, 1.350, 2.269, 43, 1.350, 2.269 
1491829604.195402, 1.028, 2.278, 43, 1.028, 2.278 
1491829604.295818, 1.315, 2.443, 43, 1.315, 2.443 
1491829604.396237, 1.225, 2.278, 43, 1.225, 2.278 
1491829604.496653, 1.009, 2.307, 43, 1.009, 2.307 
1491829604.597069, 1.273, 2.443, 43, 1.273, 2.443 
1491829604.697490, 1.237, 2.314, 44, 1.237, 2.314 
1491829604.797916, 1.118, 2.372, 44, 1.118, 2.372 
1491829604.898335, 1.418, 2.446, 44, 1.418, 2.446 
1491829604.998750, 1.308, 2.320, 44, 1.308, 2.320 
1491829605.099255, 1.051, 2.291, 44, 1.051, 2.291 
1491829605.199679, 1.315, 2.320, 44, 1.315, 2.320 
1491829605.300104, 1.325, 2.356, 44, 1.325, 2.356 
1491829605.400525, 1.170, 2.256, 44, 1.170, 2.256 
1491829605.500947, 1.341, 2.423, 44, 1.341, 2.423 
1491829605.601367, 1.379, 2.269, 44, 1.379, 2.269 
1491829605.701786, 1.308, 2.266, 45, 1.308, 2.266 
1491829605.802215, 1.234, 2.307, 45, 1.234, 2.307 
1491829605.902634, 1.125, 2.291, 45, 1.125, 2.291 
1491829606.003057, 1.212, 2.411, 45, 1.212, 2.411 
1491829606.103474, 1.366, 2.307, 45, 1.366, 2.307 
1491829606.203894, 1.263, 2.282, 45, 1.263, 2.282 
1491829606.304318, 1.128, 2.307, 45, 1.128, 2.307 
1491829606.404772, 1.308, 2.288, 45, 1.308, 2.288 
1491829606.505199, 1.247, 2.278, 45, 1.247, 2.278 
1491829606.605620, 1.144, 2.288, 45, 1.144, 2.288 
1491829606.706040, 1.289, 2.288, 46, 1.289, 2.288 
1491829606.806460, 1.057, 2.320, 46, 1.057, 2.320 
1491829606.906879, 1.102, 2.278, 46, 1.102, 2.278 
1491829607.007295, 1.334, 2.423, 46, 1.334, 2.423 
1491829607.107710, 1.315, 2.278, 46, 1.315, 2.278 
1491829607.208126, 1.444, 2.346, 46, 1.444, 2.346 
1491829607.308544, 1.360, 2.382, 46, 1.360, 2.382 
1491829607.408959, 1.170, 2.311, 46, 1.170, 2.311 
1491829607.509409, 1.315, 2.272, 46, 1.315, 2.272 
1491829607.609828, 1.160, 2.433, 46, 1.160, 2.433 
1491829607.710281, 1.267, 2.288, 47, 1.267, 2.288 
1491829607.810707, 1.392, 2.307, 47, 1.392, 2.307 
1491829607.911123, 1.292, 2.291, 47, 1.292, 2.291 
1491829608.011545, 1.218, 2.291, 47, 1.218, 2.291 
1491829608.111961, 1.218, 2.298, 47, 1.218, 2.298 
1491829608.212382, 1.170, 2.266, 47, 1.170, 2.266 
1491829608.312798, 1.379, 2.307, 47, 1.379, 2.307 
1491829608.413218, 1.237, 2.420, 47, 1.237, 2.420 
1491829608.513638, 1.189, 2.346, 47, 1.189, 2.346 
1491829608.614052, 1.463, 2.291, 47, 1.463, 2.291 
1491829608.714474, 1.276, 2.320, 48, 1.276, 2.320 
1491829608.814896, 1.392, 2.243, 48, 1.392, 2.243 
1491829608.915314, 1.521, 2.278, 48, 1.521, 2.278 
1491829609.015728, 1.479, 2.288, 48, 1.479, 2.288 
1491829609.116145, 1.505, 2.411, 48, 1.505, 2.411 
1491829609.216681, 1.453, 2.359, 48, 1.453, 2.359 
1491829609.317104, 1.325, 2.269, 48, 1.325, 2.269 
1491829609.417521, 1.247, 2.346, 48, 1.247, 2.346 
1491829609.517936, 1.199, 2.356, 48, 1.199, 2.356 
1491829609.618351, 1.373, 2.433, 48, 1.373, 2.433 
1491829609.718768, 1.289, 2.311, 49, 1.289, 2.311 
1491829609.819251, 1.276, 2.288, 49, 1.276, 2.288 
1491829609.919672, 1.254, 2.346, 49, 1.254, 2.346 
1491829610.020102, 1.392, 2.320, 49, 1.392, 2.320 
1491829610.120520, 1.402, 2.330, 49, 1.402, 2.330 
1491829610.220942, 1.318, 2.272, 49, 1.318, 2.272 
1491829610.321365, 1.618, 2.443, 49, 1.618, 2.443 
1491829610.421787, 1.205, 2.272, 49, 1.205, 2.272 
1491829610.522205, 1.315, 2.359, 49, 1.315, 2.359 
1491829610.622620, 1.221, 2.324, 49, 1.221, 2.324 
1491829610.723048, 1.279, 2.266, 50, 1.279, 2.266 
1491829610.823471, 1.212, 2.291, 50, 1.212, 2.291 
1491829610.923893, 1.160, 2.391, 50, 1.160, 2.391 
1491829611.024309, 1.392, 2.324, 50, 1.392, 2.324 
1491829611.124725, 1.383, 2.340, 50, 1.383, 2.340 
1491829611.225141, 1.489, 2.340, 50, 1.489, 2.340 
1491829611.325562, 1.415, 2.288, 50, 1.415, 2.288 
1491829611.425977, 1.383, 2.359, 50, 1.383, 2.359 
1491829611.526392, 1.299, 2.304, 50, 1.299, 2.304 
1491829611.626807, 1.270, 2.330, 50, 1.270, 2.330 
1491829611.727233, 1.515, 2.324, 51, 1.515, 2.324 
1491829611.827653, 1.331, 2.365, 51, 1.331, 2.365 
1491829611.928071, 1.334, 2.411, 51, 1.334, 2.411 
1491829612.028487, 1.118, 2.356, 51, 1.118, 2.356 
1491829612.128903, 1.221, 2.288, 51, 1.221, 2.288 
1491829612.229363, 1.273, 2.278, 51, 1.273, 2.278 
1491829612.329785, 1.138, 2.423, 51, 1.138, 2.423 
1491829612.430201, 1.363, 2.443, 51, 1.363, 2.443 
1491829612.530620, 1.447, 2.320, 51, 1.447, 2.320 
1491829612.631037, 1.582, 2.256, 51, 1.582, 2.256 
1491829612.731463, 1.344, 2.362, 52, 1.344, 2.362 
1491829612.831882, 1.566, 2.320, 52, 1.566, 2.320 
1491829612.932303, 1.495, 2.375, 52, 1.495, 2.375 
1491829613.032721, 1.341, 2.423, 52, 1.341, 2.423 
1491829613.133140, 1.279, 2.423, 52, 1.279, 2.423 
1491829613.233555, 1.576, 2.369, 52, 1.576, 2.369 
1491829613.333974, 1.202, 2.314, 52, 1.202, 2.314 
1491829613.434391, 1.270, 2.253, 52, 1.270, 2.253 
1491829613.534807, 1.276, 2.372, 52, 1.276, 2.372 
1491829613.635223, 1.334, 2.324, 52, 1.334, 2.324 
1491829613.735645, 1.299, 2.288, 53, 1.299, 2.288 
1491829613.836067, 1.154, 2.307, 53, 1.154, 2.307 
1491829613.936487, 1.363, 2.291, 53, 1.363, 2.291 
1491829614.036902, 1.334, 2.346, 53, 1.334, 2.346 
1491829614.137317, 1.321, 2.478, 53, 1.321, 2.478 
1491829614.237734, 1.247, 2.324, 53, 1.247, 2.324 
1491829614.338157, 1.424, 2.291, 53, 1.424, 2.291 
1491829614.438605, 1.466, 2.295, 53, 1.466, 2.295 
1491829614.539026, 1.305, 2.362, 53, 1.305, 2.362 
1491829614.639448, 1.412, 2.423, 53, 1.412, 2.423 
1491829614.739879, 1.515, 2.375, 54, 1.515, 2.375 
1491829614.840307, 1.598, 2.356, 54, 1.598, 2.356 
1491829614.940730, 1.289, 2.330, 54, 1.289, 2.330 
1491829615.041153, 1.495, 2.320, 54, 1.495, 2.320 
1491829615.141578, 1.402, 2.372, 54, 1.402, 2.372 
1491829615.242000, 1.557, 2.427, 54, 1.557, 2.427 
1491829615.342417, 1.328, 2.288, 54, 1.328, 2.288 
1491829615.442837, 1.383, 2.243, 54, 1.383, 2.243 
1491829615.543254, 1.370, 2.295, 54, 1.370, 2.295 
1491829615.643676, 1.479, 2.372, 54, 1.479, 2.372 
1491829615.744099, 1.289, 2.278, 55, 1.289, 2.278 
1491829615.844523, 1.441, 2.320, 55, 1.441, 2.320 
1491829615.944944, 1.499, 2.291, 55, 1.499, 2.291 
1491829616.045368, 1.334, 2.291, 55, 1.334, 2.291 
1491829616.145786, 1.392, 2.433, 55, 1.392, 2.433 
1491829616.246202, 1.212, 2.307, 55, 1.212, 2.307 
1491829616.346616, 1.299, 2.320, 55, 1.299, 2.320 
1491829616.447034, 1.598, 2.449, 55, 1.598, 2.449 
1491829616.547451, 1.218, 2.291, 55, 1.218, 2.291 
1491829616.647869, 1.376, 2.423, 55, 1.376, 2.423 
1491829616.748288, 1.392, 2.423, 56, 1.392, 2.423 
1491829616.848709, 1.428, 2.340, 56, 1.428, 2.340 
1491829616.949193, 1.279, 2.259, 56, 1.279, 2.259 
1491829617.049617, 1.479, 2.362, 56, 1.479, 2.362 
1491829617.150036, 1.476, 2.427, 56, 1.476, 2.427 
1491829617.250456, 1.283, 2.307, 56, 1.283, 2.307 
1491829617.350988, 1.524, 2.253, 56, 1.524, 2.253 
1491829617.451411, 1.457, 2.372, 56, 1.457, 2.372 
1491829617.551829, 1.273, 2.449, 56, 1.273, 2.449 
1491829617.652250, 1.289, 2.320, 56, 1.289, 2.320 
1491829617.752673, 1.515, 2.359, 57, 1.515, 2.359 
1491829617.853096, 1.418, 2.391, 57, 1.418, 2.391 
1491829617.953518, 1.434, 2.320, 57, 1.434, 2.320 
1491829618.053941, 1.241, 2.295, 57, 1.241, 2.295 
1491829618.154357, 1.366, 2.288, 57, 1.366, 2.288 
1491829618.254773, 1.505, 2.269, 57, 1.505, 2.269 
1491829618.355189, 1.499, 2.259, 57, 1.499, 2.259 
1491829618.455605, 1.495, 2.398, 57, 1.495, 2.398 
1491829618.556020, 1.418, 2.469, 57, 1.418, 2.469 
1491829618.656436, 1.453, 2.423, 57, 1.453, 2.423 
1491829618.756858, 1.428, 2.340, 58, 1.428, 2.340 
1491829618.857278, 1.547, 2.359, 58, 1.547, 2.359 
1491829618.957694, 1.379, 2.304, 58, 1.379, 2.304 
1491829619.058111, 1.550, 2.288, 58, 1.550, 2.288 
1491829619.158527, 1.618, 2.314, 58, 1.618, 2.314 
1491829619.258943, 1.395, 2.278, 58, 1.395, 2.278 
1491829619.359399, 1.624, 2.359, 58, 1.624, 2.359 
1491829619.459819, 1.499, 2.272, 58, 1.499, 2.272 
1491829619.560239, 1.566, 2.391, 58, 1.566, 2.391 
1491829619.660660, 1.534, 2.365, 58, 1.534, 2.365 
1491829619.761085, 1.392, 2.346, 59, 1.392, 2.346 
1491829619.861511, 1.569, 2.346, 59, 1.569, 2.346 
1491829619.961933, 1.495, 2.369, 59, 1.495, 2.369 
1491829620.062349, 1.673, 2.382, 59, 1.673, 2.382 
1491829620.162764, 1.647, 2.382, 59, 1.647, 2.382 
1491829620.263178, 1.453, 2.320, 59, 1.453, 2.320 
1491829620.363600, 1.598, 2.272, 59, 1.598, 2.272 
1491829620.464016, 1.499, 2.307, 59, 1.499, 2.307 
1491829620.564437, 1.772, 2.307, 59, 1.772, 2.307 
1491829620.664854, 1.598, 2.330, 59, 1.598, 2.330 
1491829620.765276, 1.495, 2.291, 60, 1.495, 2.291 
1491829620.865695, 1.499, 2.436, 60, 1.499, 2.436 
1491829620.966119, 1.354, 2.288, 60, 1.354, 2.288 
1491829621.066538, 1.379, 2.278, 60, 1.379, 2.278 
1491829621.166955, 1.418, 2.443, 60, 1.418, 2.443 
1491829621.267372, 1.392, 2.278, 60, 1.392, 2.278 
1491829621.367787, 1.366, 2.311, 60, 1.366, 2.311 
1491829621.468207, 1.392, 2.320, 60, 1.392, 2.320 
1491829621.568622, 1.598, 2.272, 60, 1.598, 2.272 
1491829621.669043, 1.792, 2.433, 60, 1.792, 2.433 
1491829621.769470, 1.669, 2.288, 61, 1.669, 2.288 
1491829621.869891, 1.334, 2.449, 61, 1.334, 2.449 
1491829621.970316, 1.447, 2.291, 61, 1.447, 2.291 
1491829622.070732, 1.521, 2.382, 61, 1.521, 2.382 
1491829622.171152, 1.702, 2.372, 61, 1.702, 2.372 
1491829622.271570, 1.566, 2.330, 61, 1.566, 2.330 
1491829622.371989, 1.379, 2.288, 61, 1.379, 2.288 
1491829622.472447, 1.395, 2.269, 61, 1.395, 2.269 
1491829622.572871, 1.463, 2.346, 61, 1.463, 2.346 
1491829622.673287, 1.624, 2.427, 61, 1.624, 2.427 
1491829622.773716, 1.637, 2.288, 62, 1.637, 2.288 
1491829622.874139, 1.473, 2.288, 62, 1.473, 2.288 
1491829622.974558, 1.453, 2.340, 62, 1.453, 2.340 
1491829623.074972, 1.521, 2.340, 62, 1.521, 2.340 
1491829623.175389, 1.479, 2.298, 62, 1.479, 2.298 
1491829623.275806, 1.395, 2.262, 62, 1.395, 2.262 
1491829623.376224, 1.647, 2.262, 62, 1.647, 2.262 
1491829623.476639, 1.673, 2.411, 62, 1.673, 2.411 
1491829623.577053, 1.634, 2.346, 62, 1.634, 2.346 
1491829623.677472, 1.515, 2.288, 62, 1.515, 2.288 
1491829623.777905, 1.531, 2.311, 63, 1.531, 2.311 
1491829623.878327, 1.482, 2.269, 63, 1.482, 2.269 
1491829623.978747, 1.792, 2.365, 63, 1.792, 2.365 
1491829624.079256, 1.653, 2.475, 63, 1.653, 2.475 
1491829624.179676, 1.470, 2.346, 63, 1.470, 2.346 
1491829624.280096, 1.466, 2.382, 63, 1.466, 2.382 
1491829624.380545, 1.653, 2.346, 63, 1.653, 2.346 
1491829624.481019, 1.598, 2.307, 63, 1.598, 2.307 
1491829624.581442, 1.669, 2.324, 63, 1.669, 2.324 
1491829624.681863, 1.647, 2.443, 63, 1.647, 2.443 
1491829624.782289, 1.550, 2.462, 64, 1.550, 2.462 
1491829624.882714, 1.441, 2.291, 64, 1.441, 2.291 
1491829624.983133, 1.553, 2.278, 64, 1.553, 2.278 
1491829625.083554, 1.418, 2.469, 64, 1.418, 2.469 
1491829625.183971, 1.631, 2.340, 64, 1.631, 2.340 
1491829625.284388, 1.676, 2.269, 64, 1.676, 2.269 
1491829625.384930, 1.779, 2.359, 64, 1.779, 2.359 
1491829625.485358, 1.466, 2.304, 64, 1.466, 2.304 
1491829625.585774, 1.402, 2.324, 64, 1.402, 2.324 
1491829625.686195, 1.511, 2.307, 64, 1.511, 2.307 
1491829625.786615, 1.334, 2.324, 65, 1.334, 2.324 
1491829625.887036, 1.669, 2.269, 65, 1.669, 2.269 
1491829625.987455, 1.644, 2.269, 65, 1.644, 2.269 
1491829626.087872, 1.486, 2.369, 65, 1.486, 2.369 
1491829626.188287, 1.547, 2.440, 65, 1.547, 2.440 
1491829626.288708, 1.392, 2.398, 65, 1.392, 2.398 
1491829626.389196, 1.624, 2.333, 65, 1.624, 2.333 
1491829626.489615, 1.550, 2.288, 65, 1.550, 2.288 
1491829626.590036, 1.437, 2.362, 65, 1.437, 2.362 
1491829626.690456, 1.859, 2.423, 65, 1.859, 2.423 
1491829626.790877, 1.727, 2.269, 66, 1.727, 2.269 
1491829626.891308, 1.669, 2.269, 66, 1.669, 2.269 
1491829626.991724, 1.350, 2.340, 66, 1.350, 2.340 
1491829627.092145, 1.589, 2.452, 66, 1.589, 2.452 
1491829627.192563, 1.499, 2.272, 66, 1.499, 2.272 
1491829627.292984, 1.566, 2.382, 66, 1.566, 2.382 
1491829627.393402, 1.750, 2.382, 66, 1.750, 2.382 
1491829627.493822, 1.618, 2.288, 66, 1.618, 2.288 
1491829627.594239, 1.424, 2.449, 66, 1.424, 2.449 
1491829627.694662, 1.627, 2.291, 66, 1.627, 2.291 
1491829627.795081, 1.689, 2.288, 67, 1.689, 2.288 
1491829627.895506, 1.431, 2.362, 67, 1.431, 2.362 
1491829627.995923, 1.505, 2.320, 67, 1.505, 2.320 
1491829628.096339, 1.698, 2.291, 67, 1.698, 2.291 
1491829628.196755, 1.663, 2.443, 67, 1.663, 2.443 
1491829628.297171, 1.634, 2.324, 67, 1.634, 2.324 
1491829628.397587, 1.653, 2.320, 67, 1.653, 2.320 
1491829628.498002, 1.515, 2.475, 67, 1.515, 2.475 
1491829628.598418, 1.489, 2.427, 67, 1.489, 2.427 
1491829628.698836, 1.412, 2.427, 67, 1.412, 2.427 
1491829628.799346, 1.792, 2.475, 68, 1.792, 2.475 
1491829628.899775, 1.792, 2.324, 68, 1.792, 2.324 
1491829629.000197, 1.734, 2.272, 68, 1.734, 2.272 
1491829629.100619, 1.792, 2.288, 68, 1.792, 2.288 
1491829629.201040, 1.637, 2.307, 68, 1.637, 2.307 
1491829629.301461, 1.676, 2.475, 68, 1.676, 2.475 
1491829629.401880, 1.479, 2.427, 68, 1.479, 2.427 
1491829629.502303, 1.415, 2.394, 68, 1.415, 2.394 
1491829629.602723, 1.431, 2.288, 68, 1.431, 2.288 
1491829629.703141, 1.689, 2.266, 68, 1.689, 2.266 
1491829629.803565, 1.895, 2.320, 69, 1.895, 2.320 
1491829629.903992, 1.702, 2.307, 69, 1.702, 2.307 
1491829630.004411, 1.673, 2.427, 69, 1.673, 2.427 
1491829630.104828, 1.379, 2.278, 69, 1.379, 2.278 
1491829630.205245, 1.463, 2.320, 69, 1.463, 2.320 
1491829630.305665, 1.463, 2.423, 69, 1.463, 2.423 
1491829630.406083, 1.466, 2.269, 69, 1.466, 2.269 
1491829630.506500, 1.528, 2.324, 69, 1.528, 2.324 
1491829630.606916, 1.782, 2.475, 69, 1.782, 2.475 
1491829630.707332, 1.892, 2.411, 69, 1.892, 2.411 
1491829630.807754, 1.756, 2.433, 70, 1.756, 2.433 
1491829630.908178, 1.772, 2.314, 70, 1.772, 2.314 
1491829631.008596, 1.634, 2.359, 70, 1.634, 2.359 
1491829631.109016, 1.627, 2.291, 70, 1.627, 2.291 
1491829631.209438, 1.792, 2.382, 70, 1.792, 2.382 
1491829631.309869, 1.743, 2.288, 70, 1.743, 2.288 
1491829631.410327, 1.660, 2.452, 70, 1.660, 2.452 
1491829631.510756, 1.763, 2.269, 70, 1.763, 2.269 
1491829631.611178, 1.853, 2.346, 70, 1.853, 2.346 
1491829631.711597, 2.085, 2.394, 70, 2.085, 2.394 
1491829631.812022, 1.917, 2.433, 71, 1.917, 2.433 
1491829631.912446, 1.895, 2.359, 71, 1.895, 2.359 
1491829632.012870, 1.486, 2.288, 71, 1.486, 2.288 
1491829632.113288, 1.495, 2.372, 71, 1.495, 2.372 
1491829632.213709, 1.392, 2.272, 71, 1.392, 2.272 
1491829632.314128, 1.586, 2.459, 71, 1.586, 2.459 
1491829632.414551, 1.731, 2.266, 71, 1.731, 2.266 
1491829632.514968, 1.837, 2.411, 71, 1.837, 2.411 
1491829632.615384, 1.879, 2.320, 71, 1.879, 2.320 
1491829632.715809, 1.882, 2.433, 72, 1.882, 2.433 
1491829632.816235, 1.805, 2.372, 72, 1.805, 2.372 
1491829632.916655, 1.876, 2.320, 72, 1.876, 2.320 
1491829633.017073, 1.624, 2.369, 72, 1.624, 2.369 
1491829633.117490, 1.666, 2.291, 72, 1.666, 2.291 
1491829633.217905, 1.689, 2.320, 72, 1.689, 2.320 
1491829633.318325, 2.604, 2.356, 72, 2.604, 2.356 
1491829633.418877, 1.618, 2.291, 72, 1.618, 2.291 
1491829633.519343, 1.624, 2.346, 72, 1.624, 2.346 
1491829633.619761, 1.598, 2.423, 72, 1.598, 2.423 
1491829633.720180, 1.408, 2.314, 73, 1.408, 2.314 
1491829633.820607, 1.876, 2.475, 73, 1.876, 2.475 
1491829633.921026, 1.882, 2.369, 73, 1.882, 2.369 
1491829634.021450, 1.727, 2.362, 73, 1.727, 2.362 
1491829634.121867, 1.618, 2.288, 73, 1.618, 2.288 
1491829634.222288, 1.934, 2.288, 73, 1.934, 2.288 
1491829634.322706, 1.772, 2.356, 73, 1.772, 2.356 
1491829634.423138, 1.647, 2.423, 73, 1.647, 2.423 
1491829634.523620, 1.702, 2.475, 73, 1.702, 2.475 
1491829634.624038, 1.727, 2.330, 73, 1.727, 2.330 
1491829634.724461, 1.405, 2.307, 74, 1.405, 2.307 
1491829634.824883, 1.650, 2.475, 74, 1.650, 2.475 
1491829634.925303, 1.466, 2.433, 74, 1.466, 2.433 
1491829635.025719, 1.598, 2.382, 74, 1.598, 2.382 
1491829635.126136, 1.743, 2.314, 74, 1.743, 2.314 
1491829635.226554, 1.569, 2.369, 74, 1.569, 2.369 
1491829635.326971, 1.908, 2.359, 74, 1.908, 2.359 
1491829635.427387, 1.950, 2.346, 74, 1.950, 2.346 
1491829635.527803, 1.917, 2.398, 74, 1.917, 2.398 
1491829635.628219, 2.030, 2.391, 74, 2.030, 2.391 
1491829635.728639, 1.731, 2.394, 75, 1.731, 2.394 
1491829635.829064, 1.805, 2.349, 75, 1.805, 2.349 
1491829635.929487, 1.853, 2.356, 75, 1.853, 2.356 
1491829636.029909, 1.566, 2.307, 75, 1.566, 2.307 
1491829636.130330, 1.805, 2.446, 75, 1.805, 2.446 
1491829636.230752, 1.550, 2.278, 75, 1.550, 2.278 
1491829636.331173, 1.727, 2.320, 75, 1.727, 2.320 
1491829636.431595, 1.392, 2.423, 75, 1.392, 2.423 
1491829636.532034, 1.640, 2.256, 75, 1.640, 2.256 
1491829636.632454, 1.402, 2.330, 75, 1.402, 2.330 
1491829636.732876, 1.705, 2.485, 76, 1.705, 2.485 
1491829636.833299, 1.598, 2.346, 76, 1.598, 2.346 
1491829636.933724, 1.747, 2.356, 76, 1.747, 2.356 
1491829637.034139, 1.711, 2.288, 76, 1.711, 2.288 
1491829637.134559, 1.721, 2.382, 76, 1.721, 2.382 
1491829637.234975, 1.921, 2.372, 76, 1.921, 2.372 
1491829637.335390, 1.772, 2.291, 76, 1.772, 2.291 
1491829637.435806, 1.959, 2.414, 76, 1.959, 2.414 
1491829637.536222, 1.934, 2.346, 76, 1.934, 2.346 
1491829637.636638, 1.682, 2.375, 76, 1.682, 2.375 
1491829637.737057, 1.959, 2.353, 77, 1.959, 2.353 
1491829637.837475, 1.876, 2.295, 77, 1.876, 2.295 
1491829637.937893, 2.095, 2.307, 77, 2.095, 2.307 
1491829638.038308, 1.740, 2.359, 77, 1.740, 2.359 
1491829638.138722, 1.998, 2.446, 77, 1.998, 2.446 
1491829638.239208, 1.515, 2.382, 77, 1.515, 2.382 
1491829638.339626, 1.763, 2.266, 77, 1.763, 2.266 
1491829638.440042, 1.702, 2.278, 77, 1.702, 2.278 
1491829638.540464, 1.495, 2.320, 77, 1.495, 2.320 
1491829638.640881, 1.495, 2.340, 77, 1.495, 2.340 
1491829638.741301, 1.647, 2.417, 78, 1.647, 2.417 
1491829638.841722, 1.418, 2.288, 78, 1.418, 2.288 
1491829638.942145, 1.702, 2.498, 78, 1.702, 2.498 
1491829639.042566, 1.618, 2.346, 78, 1.618, 2.346 
1491829639.142989, 1.579, 2.266, 78, 1.579, 2.266 
1491829639.243407, 1.540, 2.478, 78, 1.540, 2.478 
1491829639.343830, 1.843, 2.346, 78, 1.843, 2.346 
1491829639.444288, 1.550, 2.278, 78, 1.550, 2.278 
1491829639.544711, 1.647, 2.356, 78, 1.647, 2.356 
1491829639.645130, 1.740, 2.443, 78, 1.740, 2.443 
1491829639.745550, 2.050, 2.375, 79, 2.050, 2.375 
1491829639.845973, 1.618, 2.401, 79, 1.618, 2.401 
1491829639.946394, 1.753, 2.449, 79, 1.753, 2.449 
1491829640.046812, 1.814, 2.320, 79, 1.814, 2.320 
1491829640.147229, 2.111, 2.320, 79, 2.111, 2.320 
1491829640.247647, 1.702, 2.356, 79, 1.702, 2.356 
1491829640.348064, 1.727, 2.288, 79, 1.727, 2.288 
1491829640.448479, 1.776, 2.320, 79, 1.776, 2.320 
1491829640.548896, 2.011, 2.433, 79, 2.011, 2.433 
1491829640.649357, 1.946, 2.307, 79, 1.946, 2.307 
1491829640.749780, 2.056, 2.295, 80, 2.056, 2.295 
1491829640.850208, 1.866, 2.288, 80, 1.866, 2.288 
1491829640.950633, 1.937, 2.423, 80, 1.937, 2.423 
1491829641.051053, 1.750, 2.288, 80, 1.750, 2.288 
1491829641.151475, 1.821, 2.433, 80, 1.821, 2.433 
1491829641.251897, 1.843, 2.278, 80, 1.843, 2.278 
1491829641.352312, 1.917, 2.475, 80, 1.917, 2.475 
1491829641.452851, 2.201, 2.324, 80, 2.201, 2.324 
1491829641.553317, 2.014, 2.459, 80, 2.014, 2.459 
1491829641.653758, 2.014, 2.340, 80, 2.014, 2.340 
1491829641.754185, 1.972, 2.307, 81, 1.972, 2.307 
1491829641.854610, 2.072, 2.295, 81, 2.072, 2.295 
1491829641.955032, 2.050, 2.307, 81, 2.050, 2.307 
1491829642.055455, 2.059, 2.394, 81, 2.059, 2.394 
1491829642.155873, 1.895, 2.330, 81, 1.895, 2.330 
1491829642.256289, 2.114, 2.298, 81, 2.114, 2.298 
1491829642.356706, 1.979, 2.288, 81, 1.979, 2.288 
1491829642.457123, 2.133, 2.369, 81, 2.133, 2.369 
1491829642.557541, 1.998, 2.411, 81, 1.998, 2.411 
1491829642.657957, 2.150, 2.346, 81, 2.150, 2.346 
1491829642.758382, 2.004, 2.278, 82, 2.004, 2.278 
1491829642.858802, 2.114, 2.269, 82, 2.114, 2.269 
1491829642.959282, 1.795, 2.314, 82, 1.795, 2.314 
1491829643.059705, 1.876, 2.398, 82, 1.876, 2.398 
1491829643.160124, 1.740, 2.475, 82, 1.740, 2.475 
1491829643.260548, 1.866, 2.330, 82, 1.866, 2.330 
1491829643.360966, 1.711, 2.324, 82, 1.711, 2.324 
1491829643.461384, 2.140, 2.427, 82, 2.140, 2.427 
1491829643.561801, 2.011, 2.298, 82, 2.011, 2.298 
1491829643.662224, 1.985, 2.449, 82, 1.985, 2.449 
1491829643.762648, 1.853, 2.346, 83, 1.853, 2.346 
1491829643.863074, 1.959, 2.423, 83, 1.959, 2.423 
1491829643.963495, 2.037, 2.443, 83, 2.037, 2.443 
1491829644.063913, 1.992, 2.411, 83, 1.992, 2.411 
1491829644.164330, 2.056, 2.472, 83, 2.056, 2.472 
1491829644.264745, 1.876, 2.320, 83, 1.876, 2.320 
1491829644.365162, 1.998, 2.398, 83, 1.998, 2.398 
1491829644.465579, 2.088, 2.359, 83, 2.088, 2.359 
1491829644.565995, 2.059, 2.269, 83, 2.059, 2.269 
1491829644.666412, 1.779, 2.266, 83, 1.779, 2.266 
1491829644.766836, 1.856, 2.291, 84, 1.856, 2.291 
1491829644.867260, 1.959, 2.391, 84, 1.959, 2.391 
1491829644.967679, 1.901, 2.324, 84, 1.901, 2.324 
1491829645.068095, 1.631, 2.307, 84, 1.631, 2.307 
1491829645.168514, 1.934, 2.414, 84, 1.934, 2.414 
1491829645.268931, 1.779, 2.291, 84, 1.779, 2.291 
1491829645.369416, 1.805, 2.485, 84, 1.805, 2.485 
1491829645.469837, 1.524, 2.365, 84, 1.524, 2.365 
1491829645.570258, 1.853, 2.288, 84, 1.853, 2.288 
1491829645.670681, 1.895, 2.330, 84, 1.895, 2.330 
1491829645.771112, 1.634, 2.291, 85, 1.634, 2.291 
1491829645.871534, 1.592, 2.253, 85, 1.592, 2.253 
1491829645.971958, 1.934, 2.382, 85, 1.934, 2.382 
1491829646.072375, 1.927, 2.407, 85, 1.927, 2.407 
1491829646.172796, 1.721, 2.359, 85, 1.721, 2.359 
1491829646.273212, 1.959, 2.269, 85, 1.959, 2.269 
1491829646.373628, 1.740, 2.449, 85, 1.740, 2.449 
1491829646.474046, 1.808, 2.330, 85, 1.808, 2.330 
1491829646.574468, 2.140, 2.291, 85, 2.140, 2.291 
1491829646.674886, 1.946, 2.372, 85, 1.946, 2.372 
1491829646.775311, 1.676, 2.340, 86, 1.676, 2.340 
1491829646.875733, 2.124, 2.465, 86, 2.124, 2.465 
1491829646.976151, 1.792, 2.391, 86, 1.792, 2.391 
1491829647.076567, 2.237, 2.485, 86, 2.237, 2.485 
1491829647.176985, 2.140, 2.382, 86, 2.140, 2.382 
1491829647.277401, 2.140, 2.475, 86, 2.140, 2.475 
1491829647.377820, 2.030, 2.459, 86, 2.030, 2.459 
1491829647.478280, 2.014, 2.356, 86, 2.014, 2.356 
1491829647.578701, 2.175, 2.340, 86, 2.175, 2.340 
1491829647.679214, 1.853, 2.282, 86, 1.853, 2.282 
1491829647.779645, 2.101, 2.307, 87, 2.101, 2.307 
1491829647.880065, 1.608, 2.314, 87, 1.608, 2.314 
1491829647.980490, 2.011, 2.465, 87, 2.011, 2.465 
1491829648.080907, 1.598, 2.423, 87, 1.598, 2.423 
1491829648.181328, 1.824, 2.307, 87, 1.824, 2.307 
1491829648.281743, 1.676, 2.278, 87, 1.676, 2.278 
1491829648.382164, 1.917, 2.291, 87, 1.917, 2.291 
1491829648.482580, 1.666, 2.324, 87, 1.666, 2.324 
1491829648.582996, 1.830, 2.369, 87, 1.830, 2.369 
1491829648.683412, 1.814, 2.494, 87, 1.814, 2.494 
1491829648.783839, 1.866, 2.362, 88, 1.866, 2.362 
1491829648.884260, 2.037, 2.307, 88, 2.037, 2.307 
1491829648.984681, 1.660, 2.320, 88, 1.660, 2.320 
1491829649.085096, 2.140, 2.465, 88, 2.140, 2.465 
1491829649.185513, 1.934, 2.269, 88, 1.934, 2.269 
1491829649.285929, 1.830, 2.314, 88, 1.830, 2.314 
1491829649.386346, 2.249, 2.462, 88, 2.249, 2.462 
1491829649.486763, 2.066, 2.391, 88, 2.066, 2.391 
1491829649.587291, 1.779, 2.272, 88, 1.779, 2.272 
1491829649.687711, 1.917, 2.311, 88, 1.917, 2.311 
1491829649.788132, 1.772, 2.340, 89, 1.772, 2.340 
1491829649.888554, 1.692, 2.291, 89, 1.692, 2.291 
1491829649.988972, 2.124, 2.414, 89, 2.124, 2.414 
1491829650.089461, 1.647, 2.320, 89, 1.647, 2.320 
1491829650.189882, 1.795, 2.362, 89, 1.795, 2.362 
1491829650.290303, 2.124, 2.324, 89, 2.124, 2.324 
1491829650.390727, 2.088, 2.394, 89, 2.088, 2.394 
1491829650.491148, 1.850, 2.346, 89, 1.850, 2.346 
1491829650.591563, 1.946, 2.365, 89, 1.946, 2.365 
1491829650.691984, 2.217, 2.291, 89, 2.217, 2.291 
1491829650.792409, 1.959, 2.485, 90, 1.959, 2.485 
1491829650.892836, 1.934, 2.382, 90, 1.934, 2.382 
1491829650.993255, 1.743, 2.262, 90, 1.743, 2.262 
1491829651.093675, 1.927, 2.443, 90, 1.927, 2.443 
1491829651.194094, 2.046, 2.278, 90, 2.046, 2.278 
1491829651.294513, 2.108, 2.288, 90, 2.108, 2.288 
1491829651.394930, 1.830, 2.295, 90, 1.830, 2.295 
1491829651.495351, 1.898, 2.295, 90, 1.898, 2.295 
1491829651.595767, 1.853, 2.356, 90, 1.853, 2.356 
1491829651.696185, 1.814, 2.307, 90, 1.814, 2.307 
1491829651.796608, 2.266, 2.262, 91, 2.266, 2.262 
1491829651.897041, 1.882, 2.394, 91, 1.882, 2.394 
1491829651.997467, 2.037, 2.314, 91, 2.037, 2.314 
1491829652.097887, 1.814, 2.414, 91, 1.814, 2.414 
1491829652.198312, 1.753, 2.295, 91, 1.753, 2.295 
1491829652.298728, 2.024, 2.427, 91, 2.024, 2.427 
1491829652.399236, 1.911, 2.340, 91, 1.911, 2.340 
1491829652.499657, 2.085, 2.298, 91, 2.085, 2.298 
1491829652.600079, 1.624, 2.456, 91, 1.624, 2.456 
1491829652.700501, 1.805, 2.272, 91, 1.805, 2.272 
1491829652.800922, 1.830, 2.372, 92, 1.830, 2.372 
1491829652.901352, 1.805, 2.349, 92, 1.805, 2.349 
1491829653.001771, 2.240, 2.291, 92, 2.240, 2.291 
1491829653.102190, 1.972, 2.423, 92, 1.972, 2.423 
1491829653.202606, 2.278, 2.407, 92, 2.278, 2.407 
1491829653.303026, 2.011, 2.269, 92, 2.011, 2.269 
1491829653.403443, 2.140, 2.427, 92, 2.140, 2.427 
1491829653.503858, 1.950, 2.307, 92, 1.950, 2.307 
1491829653.604273, 2.104, 2.394, 92, 2.104, 2.394 
1491829653.704692, 1.792, 2.330, 92, 1.792, 2.330 
1491829653.805115, 2.011, 2.411, 93, 2.011, 2.411 
1491829653.905542, 1.840, 2.269, 93, 1.840, 2.269 
1491829654.005960, 1.772, 2.311, 93, 1.772, 2.311 
1491829654.106378, 1.959, 2.320, 93, 1.959, 2.320 
1491829654.206796, 1.959, 2.346, 93, 1.959, 2.346 
1491829654.307214, 2.169, 2.356, 93, 2.169, 2.356 
1491829654.407631, 1.895, 2.475, 93, 1.895, 2.475 
1491829654.508048, 1.972, 2.475, 93, 1.972, 2.475 
1491829654.608462, 1.827, 2.465, 93, 1.827, 2.465 
1491829654.708881, 1.750, 2.449, 93, 1.750, 2.449 
1491829654.809380, 1.979, 2.346, 94, 1.979, 2.346 
1491829654.909807, 1.988, 2.382, 94, 1.988, 2.382 
1491829655.010232, 2.346, 2.295, 94, 2.346, 2.295 
1491829655.110653, 2.208, 2.330, 94, 2.208, 2.330 
1491829655.211078, 2.288, 2.475, 94, 2.288, 2.475 
1491829655.311507, 2.162, 2.433, 94, 2.162, 2.433 
1491829655.411969, 1.805, 2.346, 94, 1.805, 2.346 
1491829655.512394, 1.866, 2.307, 94, 1.866, 2.307 
1491829655.612817, 1.772, 2.320, 94, 1.772, 2.320 
1491829655.713237, 1.969, 2.382, 94, 1.969, 2.382 
1491829655.813663, 1.950, 2.356, 95, 1.950, 2.356 
1491829655.914088, 2.288, 2.291, 95, 2.288, 2.291 
1491829656.014511, 2.320, 2.359, 95, 2.320, 2.359 
1491829656.114928, 2.011, 2.443, 95, 2.011, 2.443 
1491829656.215349, 1.869, 2.288, 95, 1.869, 2.288 
1491829656.315767, 1.821, 2.372, 95, 1.821, 2.372 
1491829656.416184, 2.150, 2.324, 95, 2.150, 2.324 
1491829656.516603, 2.085, 2.346, 95, 2.085, 2.346 
1491829656.617019, 2.101, 2.449, 95, 2.101, 2.449 
1491829656.717434, 1.934, 2.278, 95, 1.934, 2.278 
1491829656.817859, 1.763, 2.307, 96, 1.763, 2.307 
1491829656.918283, 2.266, 2.278, 96, 2.266, 2.278 
1491829657.018702, 2.108, 2.391, 96, 2.108, 2.391 
1491829657.119205, 1.837, 2.391, 96, 1.837, 2.391 
1491829657.219623, 1.869, 2.288, 96, 1.869, 2.288 
1491829657.320046, 2.175, 2.423, 96, 2.175, 2.423 
1491829657.420465, 2.240, 2.320, 96, 2.240, 2.320 
1491829657.520882, 1.859, 2.382, 96, 1.859, 2.382 
1491829657.621413, 2.140, 2.369, 96, 2.140, 2.369 
1491829657.721837, 2.307, 2.278, 96, 2.307, 2.278 
1491829657.822259, 1.859, 2.365, 97, 1.859, 2.365 
1491829657.922684, 2.114, 2.514, 97, 2.114, 2.514 
1491829658.023102, 2.056, 2.369, 97, 2.056, 2.369 
1491829658.123518, 1.946, 2.320, 97, 1.946, 2.320 
1491829658.223935, 2.001, 2.291, 97, 2.001, 2.291 
1491829658.324351, 2.114, 2.398, 97, 2.114, 2.398 
1491829658.424767, 1.959, 2.436, 97, 1.959, 2.436 
1491829658.525183, 2.111, 2.314, 97, 2.111, 2.314 
1491829658.625598, 1.853, 2.324, 97, 1.853, 2.324 
1491829658.726017, 1.934, 2.494, 97, 1.934, 2.494 
1491829658.826439, 1.979, 2.372, 99, 1.979, 2.372 
1491829658.926863, 1.959, 2.324, 99, 1.959, 2.324 
1491829659.027279, 2.021, 2.459, 99, 2.021, 2.459 
1491829659.127697, 2.362, 2.443, 99, 2.362, 2.443 
1491829659.228115, 2.053, 2.391, 99, 2.053, 2.391 
1491829659.328530, 2.227, 2.320, 99, 2.227, 2.320 
1491829659.428947, 1.895, 2.320, 99, 1.895, 2.320 
1491829659.529405, 2.124, 2.356, 99, 2.124, 2.356 
1491829659.629827, 2.166, 2.346, 99, 2.166, 2.346 
1491829659.730248, 1.895, 2.362, 99, 1.895, 2.362 
1491829659.830673, 2.320, 2.475, 100, 2.320, 2.475 
1491829659.931105, 1.911, 2.320, 100, 1.911, 2.320 
1491829660.031529, 2.024, 2.272, 100, 2.024, 2.272 
1491829660.131951, 2.324, 2.324, 100, 2.324, 2.324 
1491829660.232373, 1.927, 2.494, 100, 1.927, 2.494 
1491829660.332793, 2.011, 2.423, 100, 2.011, 2.423 
1491829660.433211, 2.320, 2.288, 100, 2.320, 2.288 
1491829660.533633, 1.840, 2.278, 100, 1.840, 2.278 
1491829660.634048, 2.101, 2.333, 100, 2.101, 2.333 
1491829660.734468, 2.320, 2.372, 100, 2.320, 2.372 
1491829660.834888, 2.062, 2.375, 101, 2.062, 2.375 
1491829660.935318, 2.072, 2.269, 101, 2.072, 2.269 
1491829661.035747, 2.108, 2.333, 101, 2.108, 2.333 
1491829661.136178, 2.346, 2.391, 101, 2.346, 2.391 
1491829661.236600, 1.950, 2.288, 101, 1.950, 2.288 
1491829661.337029, 1.992, 2.485, 101, 1.992, 2.485 
1491829661.437445, 2.411, 2.295, 101, 2.411, 2.295 
1491829661.537863, 2.175, 2.346, 101, 2.175, 2.346 
1491829661.638278, 2.269, 2.427, 101, 2.269, 2.427 
1491829661.738695, 1.872, 2.307, 101, 1.872, 2.307 
1491829661.839202, 1.943, 2.324, 102, 1.943, 2.324 
1491829661.939628, 2.340, 2.278, 102, 2.340, 2.278 
1491829662.040052, 2.320, 2.475, 102, 2.320, 2.475 
1491829662.140471, 2.433, 2.314, 102, 2.433, 2.314 
1491829662.240889, 1.963, 2.356, 102, 1.963, 2.356 
1491829662.341308, 1.924, 2.475, 102, 1.924, 2.475 
1491829662.441726, 2.169, 2.320, 102, 2.169, 2.320 
1491829662.542144, 2.375, 2.288, 102, 2.375, 2.288 
1491829662.642561, 2.401, 2.443, 102, 2.401, 2.443 
1491829662.742980, 2.295, 2.369, 102, 2.295, 2.369 
1491829662.843400, 2.011, 2.356, 103, 2.011, 2.356 
1491829662.943825, 2.175, 2.320, 103, 2.175, 2.320 
1491829663.044245, 1.934, 2.346, 103, 1.934, 2.346 
1491829663.144669, 2.085, 2.382, 103, 2.085, 2.382 
1491829663.245088, 2.046, 2.427, 103, 2.046, 2.427 
1491829663.345510, 1.911, 2.475, 103, 1.911, 2.475 
1491829663.445961, 2.050, 2.382, 103, 2.050, 2.382 
1491829663.546385, 2.375, 2.330, 103, 2.375, 2.330 
1491829663.646805, 2.056, 2.320, 103, 2.056, 2.320 
1491829663.747223, 2.307, 2.307, 103, 2.307, 2.307 
1491829663.847646, 2.262, 2.427, 104, 2.262, 2.427 
1491829663.948070, 2.162, 2.272, 104, 2.162, 2.272 
1491829664.048490, 2.320, 2.311, 104, 2.320, 2.311 
1491829664.148908, 2.140, 2.320, 104, 2.140, 2.320 
1491829664.249364, 2.040, 2.349, 104, 2.040, 2.349 
1491829664.349786, 2.111, 2.391, 104, 2.111, 2.391 
1491829664.450245, 1.982, 2.475, 104, 1.982, 2.475 
1491829664.550671, 2.188, 2.462, 104, 2.188, 2.462 
1491829664.651091, 1.969, 2.423, 104, 1.969, 2.423 
1491829664.751514, 1.998, 2.356, 104, 1.998, 2.356 
1491829664.851938, 2.053, 2.423, 105, 2.053, 2.423 
1491829664.952369, 1.985, 2.314, 105, 1.985, 2.314 
1491829665.052789, 2.166, 2.456, 105, 2.166, 2.456 
1491829665.153207, 2.079, 2.307, 105, 2.079, 2.307 
1491829665.253622, 2.427, 2.475, 105, 2.427, 2.475 
1491829665.354039, 2.427, 2.314, 105, 2.427, 2.314 
1491829665.454457, 2.291, 2.320, 105, 2.291, 2.320 
1491829665.554993, 2.278, 2.478, 105, 2.278, 2.478 
1491829665.655416, 2.291, 2.398, 105, 2.291, 2.398 
1491829665.755838, 1.789, 2.307, 106, 1.789, 2.307 
1491829665.856259, 1.995, 2.278, 106, 1.995, 2.278 
1491829665.956678, 2.111, 2.498, 106, 2.111, 2.498 
1491829666.057098, 2.291, 2.291, 106, 2.291, 2.291 
1491829666.157516, 2.253, 2.372, 106, 2.253, 2.372 
1491829666.257933, 1.917, 2.391, 106, 1.917, 2.391 
1491829666.358352, 2.304, 2.320, 106, 2.304, 2.320 
1491829666.458770, 2.433, 2.478, 106, 2.433, 2.478 
1491829666.559258, 2.349, 2.330, 106, 2.349, 2.330 
1491829666.659682, 2.046, 2.346, 106, 2.046, 2.346 
1491829666.760108, 2.092, 2.475, 107, 2.092, 2.475 
1491829666.860535, 2.414, 2.488, 107, 2.414, 2.488 
1491829666.960960, 2.356, 2.330, 107, 2.356, 2.330 
1491829667.061383, 2.124, 2.391, 107, 2.124, 2.391 
1491829667.161803, 2.359, 2.340, 107, 2.359, 2.340 
1491829667.262225, 2.536, 2.320, 107, 2.536, 2.320 
1491829667.362647, 2.191, 2.372, 107, 2.191, 2.372 
1491829667.463096, 2.423, 2.291, 107, 2.423, 2.291 
1491829667.563518, 2.372, 2.475, 107, 2.372, 2.475 
1491829667.663941, 1.985, 2.307, 107, 1.985, 2.307 
1491829667.764362, 2.288, 2.330, 108, 2.288, 2.330 
1491829667.864790, 2.478, 2.320, 108, 2.478, 2.320 
1491829667.965209, 1.847, 2.359, 108, 1.847, 2.359 
1491829668.065626, 2.375, 2.311, 108, 2.375, 2.311 
1491829668.166044, 2.237, 2.307, 108, 2.237, 2.307 
1491829668.266461, 2.237, 2.304, 108, 2.237, 2.304 
1491829668.366877, 2.485, 2.320, 108, 2.485, 2.320 
1491829668.467293, 1.998, 2.372, 108, 1.998, 2.372 
1491829668.567712, 2.398, 2.401, 108, 2.398, 2.401 
1491829668.668129, 2.443, 2.443, 108, 2.443, 2.443 
1491829668.768548, 2.169, 2.501, 109, 2.169, 2.501 
1491829668.868969, 2.356, 2.320, 109, 2.356, 2.320 
1491829668.969454, 2.159, 2.324, 109, 2.159, 2.324 
1491829669.069876, 2.398, 2.346, 109, 2.398, 2.346 
1491829669.170294, 2.217, 2.356, 109, 2.217, 2.356 
1491829669.270712, 2.494, 2.375, 109, 2.494, 2.375 
1491829669.371130, 2.082, 2.411, 109, 2.082, 2.411 
1491829669.471548, 2.575, 2.423, 109, 2.575, 2.423 
1491829669.571968, 2.162, 2.401, 109, 2.162, 2.401 
1491829669.672389, 2.414, 2.382, 109, 2.414, 2.382 
1491829669.772816, 2.140, 2.365, 110, 2.140, 2.365 
1491829669.873243, 2.449, 2.346, 110, 2.449, 2.346 
1491829669.973665, 2.320, 2.311, 110, 2.320, 2.311 
1491829670.074083, 2.346, 2.356, 110, 2.346, 2.356 
1491829670.174503, 2.133, 2.382, 110, 2.133, 2.382 
1491829670.274937, 2.108, 2.478, 110, 2.108, 2.478 
1491829670.375355, 2.498, 2.475, 110, 2.498, 2.475 
1491829670.475775, 1.950, 2.475, 110, 1.950, 2.475 
1491829670.576191, 2.056, 2.423, 110, 2.056, 2.423 
1491829670.676608, 2.527, 2.372, 110, 2.527, 2.372 
1491829670.777028, 1.908, 2.356, 111, 1.908, 2.356 
1491829670.877450, 2.227, 2.478, 111, 2.227, 2.478 
1491829670.977871, 2.346, 2.278, 111, 2.346, 2.278 
1491829671.078288, 2.021, 2.365, 111, 2.021, 2.365 
1491829671.178706, 2.169, 2.465, 111, 2.169, 2.465 
1491829671.279220, 2.546, 2.459, 111, 2.546, 2.459 
1491829671.379650, 1.998, 2.356, 111, 1.998, 2.356 
1491829671.480116, 2.092, 2.278, 111, 2.092, 2.278 
1491829671.580560, 2.462, 2.320, 111, 2.462, 2.320 
1491829671.680990, 2.195, 2.346, 111, 2.195, 2.346 
1491829671.781429, 2.227, 2.398, 112, 2.227, 2.398 
1491829671.881860, 2.230, 2.295, 112, 2.230, 2.295 
1491829671.982288, 2.240, 2.443, 112, 2.240, 2.443 
1491829672.082706, 2.597, 2.307, 112, 2.597, 2.307 
1491829672.183127, 2.191, 2.517, 112, 2.191, 2.517 
1491829672.283544, 1.959, 2.359, 112, 1.959, 2.359 
1491829672.383968, 2.307, 2.307, 112, 2.307, 2.307 
1491829672.484383, 2.475, 2.449, 112, 2.475, 2.449 
1491829672.584805, 2.391, 2.330, 112, 2.391, 2.330 
1491829672.685220, 2.262, 2.288, 112, 2.262, 2.288 
1491829672.785640, 2.085, 2.498, 113, 2.085, 2.498 
1491829672.886062, 2.166, 2.414, 113, 2.166, 2.414 
1491829672.986483, 2.269, 2.307, 113, 2.269, 2.307 
1491829673.086901, 2.552, 2.346, 113, 2.552, 2.346 
1491829673.187319, 2.449, 2.475, 113, 2.449, 2.475 
1491829673.287738, 2.665, 2.307, 113, 2.665, 2.307 
1491829673.388157, 2.169, 2.411, 113, 2.169, 2.411 
1491829673.488705, 2.253, 2.349, 113, 2.253, 2.349 
1491829673.589224, 2.266, 2.423, 113, 2.266, 2.423 
1491829673.689643, 2.082, 2.320, 113, 2.082, 2.320 
1491829673.790063, 2.101, 2.414, 114, 2.101, 2.414 
1491829673.890488, 2.278, 2.382, 114, 2.278, 2.382 
1491829673.990911, 2.291, 2.475, 114, 2.291, 2.475 
1491829674.091329, 2.111, 2.369, 114, 2.111, 2.369 
1491829674.191752, 2.475, 2.356, 114, 2.475, 2.356 
1491829674.292170, 2.346, 2.291, 114, 2.346, 2.291 
1491829674.392603, 2.169, 2.414, 114, 2.169, 2.414 
1491829674.493087, 2.324, 2.433, 114, 2.324, 2.433 
1491829674.593507, 2.520, 2.346, 114, 2.520, 2.346 
1491829674.693925, 2.162, 2.307, 114, 2.162, 2.307 
1491829674.794346, 2.514, 2.423, 115, 2.514, 2.423 
1491829674.894770, 2.423, 2.288, 115, 2.423, 2.288 
1491829674.995189, 2.133, 2.320, 115, 2.133, 2.320 
1491829675.095609, 2.188, 2.307, 115, 2.188, 2.307 
1491829675.196027, 2.307, 2.291, 115, 2.307, 2.291 
1491829675.296449, 2.004, 2.311, 115, 2.004, 2.311 
1491829675.396867, 2.175, 2.288, 115, 2.175, 2.288 
1491829675.497283, 2.150, 2.298, 115, 2.150, 2.298 
1491829675.597697, 2.124, 2.288, 115, 2.124, 2.288 
1491829675.698115, 2.565, 2.269, 115, 2.565, 2.269 
1491829675.798532, 2.423, 2.391, 116, 2.423, 2.391 
1491829675.898951, 2.475, 2.346, 116, 2.475, 2.346 
1491829675.999408, 2.237, 2.365, 116, 2.237, 2.365 
1491829676.099827, 2.411, 2.485, 116, 2.411, 2.485 
1491829676.200257, 2.046, 2.475, 116, 2.046, 2.475 
1491829676.300679, 2.433, 2.446, 116, 2.433, 2.446 
1491829676.401105, 2.597, 2.372, 116, 2.597, 2.372 
1491829676.501529, 2.475, 2.411, 116, 2.475, 2.411 
1491829676.601948, 2.156, 2.382, 116, 2.156, 2.382 
1491829676.702370, 2.220, 2.372, 116, 2.220, 2.372 
1491829676.802792, 2.204, 2.398, 117, 2.204, 2.398 
1491829676.903223, 2.601, 2.398, 117, 2.601, 2.398 
1491829677.003641, 2.575, 2.288, 117, 2.575, 2.288 
1491829677.104064, 2.630, 2.398, 117, 2.630, 2.398 
1491829677.204480, 2.291, 2.269, 117, 2.291, 2.269 
1491829677.304902, 2.581, 2.411, 117, 2.581, 2.411 
1491829677.405320, 2.726, 2.369, 117, 2.726, 2.369 
1491829677.505742, 2.191, 2.307, 117, 2.191, 2.307 
1491829677.606158, 2.362, 2.478, 117, 2.362, 2.478 
1491829677.706575, 2.514, 2.356, 117, 2.514, 2.356 
1491829677.806999, 2.391, 2.311, 118, 2.391, 2.311 
1491829677.907422, 2.237, 2.304, 118, 2.237, 2.304 
1491829678.007841, 2.604, 2.485, 118, 2.604, 2.485 
1491829678.108259, 2.356, 2.295, 118, 2.356, 2.295 
1491829678.208678, 2.295, 2.501, 118, 2.295, 2.501 
1491829678.309098, 2.823, 2.320, 118, 2.823, 2.320 
1491829678.409521, 2.288, 2.514, 118, 2.288, 2.514 
1491829678.509940, 2.298, 2.278, 118, 2.298, 2.278 
1491829678.610356, 2.794, 2.501, 118, 2.794, 2.501 
1491829678.710774, 2.220, 2.288, 118, 2.220, 2.288 
1491829678.811198, 2.288, 2.382, 119, 2.288, 2.382 
1491829678.911623, 2.520, 2.411, 119, 2.520, 2.411 
1491829679.012041, 2.227, 2.346, 119, 2.227, 2.346 
1491829679.112460, 2.433, 2.307, 119, 2.433, 2.307 
1491829679.212878, 2.237, 2.288, 119, 2.237, 2.288 
1491829679.313309, 2.655, 2.382, 119, 2.655, 2.382 
1491829679.413769, 2.356, 2.485, 119, 2.356, 2.485 
1491829679.514191, 2.536, 2.346, 119, 2.536, 2.346 
1491829679.614607, 2.514, 2.272, 119, 2.514, 2.272 
1491829679.715023, 2.217, 2.382, 119, 2.217, 2.382 
1491829679.815448, 2.459, 2.411, 120, 2.459, 2.411 
1491829679.915873, 2.411, 2.414, 120, 2.411, 2.414 
1491829680.016293, 2.810, 2.369, 120, 2.810, 2.369 
1491829680.116712, 2.427, 2.394, 120, 2.427, 2.394 
1491829680.217130, 2.356, 2.411, 120, 2.356, 2.411 
1491829680.317549, 2.398, 2.411, 120, 2.398, 2.411 
1491829680.417968, 2.449, 2.443, 120, 2.449, 2.443 
1491829680.518386, 2.720, 2.462, 120, 2.720, 2.462 
1491829680.618802, 2.320, 2.475, 120, 2.320, 2.475 
1491829680.719284, 2.733, 2.372, 120, 2.733, 2.372 
1491829680.819712, 2.140, 2.346, 121, 2.140, 2.346 
1491829680.920143, 2.733, 2.411, 121, 2.733, 2.411 
1491829681.020566, 2.407, 2.288, 121, 2.407, 2.288 
1491829681.120984, 2.175, 2.320, 121, 2.175, 2.320 
1491829681.221407, 2.665, 2.356, 121, 2.665, 2.356 
1491829681.321831, 2.256, 2.462, 121, 2.256, 2.462 
1491829681.422375, 2.655, 2.411, 121, 2.655, 2.411 
1491829681.522802, 2.752, 2.478, 121, 2.752, 2.478 
1491829681.623239, 2.272, 2.462, 121, 2.272, 2.462 
1491829681.723660, 2.672, 2.436, 121, 2.672, 2.436 
1491829681.824085, 2.639, 2.465, 122, 2.639, 2.465 
1491829681.924512, 2.291, 2.330, 122, 2.291, 2.330 
1491829682.024935, 2.858, 2.469, 122, 2.858, 2.469 
1491829682.125353, 2.720, 2.307, 122, 2.720, 2.307 
1491829682.225776, 2.633, 2.391, 122, 2.633, 2.391 
1491829682.326195, 2.423, 2.324, 122, 2.423, 2.324 
1491829682.426613, 2.597, 2.346, 122, 2.597, 2.346 
1491829682.527028, 2.485, 2.278, 122, 2.485, 2.278 
1491829682.627442, 2.398, 2.494, 122, 2.398, 2.494 
1491829682.727860, 2.597, 2.295, 122, 2.597, 2.295 
1491829682.828285, 2.501, 2.320, 123, 2.501, 2.320 
1491829682.928727, 2.655, 2.288, 123, 2.655, 2.288 
1491829683.029218, 2.324, 2.494, 123, 2.324, 2.494 
1491829683.129649, 2.552, 2.291, 123, 2.552, 2.291 
1491829683.230074, 2.411, 2.411, 123, 2.411, 2.411 
1491829683.330492, 2.807, 2.356, 123, 2.807, 2.356 
1491829683.430911, 2.382, 2.278, 123, 2.382, 2.278 
1491829683.531327, 2.217, 2.411, 123, 2.217, 2.411 
1491829683.631748, 2.459, 2.514, 123, 2.459, 2.514 
1491829683.732165, 2.884, 2.330, 123, 2.884, 2.330 
1491829683.832590, 2.736, 2.423, 124, 2.736, 2.423 
1491829683.933019, 2.691, 2.372, 124, 2.691, 2.372 
1491829684.033438, 2.655, 2.411, 124, 2.655, 2.411 
1491829684.133855, 2.291, 2.475, 124, 2.291, 2.475 
1491829684.234277, 2.162, 2.330, 124, 2.162, 2.330 
1491829684.334695, 2.304, 2.282, 124, 2.304, 2.282 
1491829684.435115, 2.423, 2.462, 124, 2.423, 2.462 
1491829684.535532, 2.668, 2.369, 124, 2.668, 2.369 
1491829684.635949, 2.485, 2.278, 124, 2.485, 2.278 
1491829684.736366, 2.733, 2.459, 124, 2.733, 2.459 
1491829684.836790, 2.639, 2.307, 125, 2.639, 2.307 
1491829684.937215, 2.759, 2.320, 125, 2.759, 2.320 
1491829685.037633, 2.630, 2.291, 125, 2.630, 2.291 
1491829685.138048, 2.884, 2.311, 125, 2.884, 2.311 
1491829685.238466, 2.810, 2.443, 125, 2.810, 2.443 
1491829685.338881, 2.562, 2.398, 125, 2.562, 2.398 
1491829685.439373, 2.568, 2.346, 125, 2.568, 2.346 
1491829685.539795, 2.730, 2.324, 125, 2.730, 2.324 
1491829685.640215, 2.588, 2.314, 125, 2.588, 2.314 
1491829685.740641, 2.552, 2.391, 125, 2.552, 2.391 
1491829685.841075, 2.681, 2.369, 126, 2.681, 2.369 
1491829685.941508, 2.907, 2.423, 126, 2.907, 2.423 
1491829686.041929, 2.382, 2.324, 126, 2.382, 2.324 
1491829686.142352, 2.314, 2.288, 126, 2.314, 2.288 
1491829686.242771, 2.433, 2.278, 126, 2.433, 2.278 
1491829686.343196, 2.320, 2.272, 126, 2.320, 2.272 
1491829686.443614, 2.346, 2.288, 126, 2.346, 2.288 
1491829686.544037, 2.788, 2.278, 126, 2.788, 2.278 
1491829686.644457, 2.781, 2.291, 126, 2.781, 2.291 
1491829686.744881, 2.630, 2.288, 126, 2.630, 2.288 
1491829686.845303, 2.665, 2.269, 127, 2.665, 2.269 
1491829686.945734, 2.643, 2.382, 127, 2.643, 2.382 
1491829687.046152, 2.588, 2.443, 127, 2.588, 2.443 
1491829687.146570, 2.382, 2.314, 127, 2.382, 2.314 
1491829687.246988, 2.778, 2.311, 127, 2.778, 2.311 
1491829687.347409, 2.846, 2.362, 127, 2.846, 2.362 
1491829687.447864, 2.552, 2.443, 127, 2.552, 2.443 
1491829687.548288, 2.217, 2.346, 127, 2.217, 2.346 
1491829687.648706, 2.649, 2.288, 127, 2.649, 2.288 
1491829687.749193, 2.807, 2.311, 127, 2.807, 2.311 
1491829687.849620, 2.810, 2.307, 128, 2.810, 2.307 
1491829687.950048, 2.314, 2.365, 128, 2.314, 2.365 
1491829688.050474, 2.527, 2.365, 128, 2.527, 2.365 
1491829688.150895, 2.871, 2.382, 128, 2.871, 2.382 
1491829688.251314, 2.649, 2.333, 128, 2.649, 2.333 
1491829688.351730, 2.217, 2.394, 128, 2.217, 2.394 
1491829688.452147, 2.836, 2.288, 128, 2.836, 2.288 
1491829688.552567, 2.939, 2.346, 128, 2.939, 2.346 
1491829688.652986, 2.588, 2.449, 128, 2.588, 2.449 
1491829688.753406, 2.469, 2.311, 128, 2.469, 2.311 
